<?xml version="1.0" encoding="utf-8"?>
<!DOCTYPE hibernate-configuration PUBLIC
"-//Hibernate/Hibernate Configuration DTD 3.0//EN"
"http://www.hibernate.org/dtd/hibernate-configuration-3.0.dtd">
<hibernate-configuration>
    <session-factory>
        <property name="hibernate.bytecode.use_reflection_optimizer">false</property>
        <property name="hibernate.c3p0.acquire_increment">1</property>
        <property name="hibernate.c3p0.idle_test_period">3000</property>
        <property name="hibernate.c3p0.max_size">200</property>
        <property name="hibernate.c3p0.max_statements">100</property>
        <property name="hibernate.c3p0.min_size">50</property>
        <property name="hibernate.c3p0.timeout">1800</property>
        <property name="hibernate.cache.provider_class">org.hibernate.service.jdbc.connections.internal.C3P0ConnectionProvider</property>
        
        <property name="hibernate.connection.driver_class">com.mysql.jdbc.Driver</property>
        <property name="hibernate.connection.password">root</property>
        <property name="hibernate.connection.url">jdbc:mysql://localhost:3306/couponsenamodified</property>
        <property name="hibernate.connection.username">root</property>
        <property name="hibernate.dialect">org.hibernate.dialect.MySQLDialect</property>
        <property name="hibernate.search.autoregister_listeners">false</property>
        <property name="hibernate.validator.apply_to_ddl">false</property>
        
        <mapping class="com.org.coupon.dto.CsCampaignDetailsDgm" />
        <mapping class="com.org.coupon.dto.CsCampaignDetailsMaster" />
        <mapping class="com.org.coupon.dto.CsCampaignDetailsVcm" />
        <mapping class="com.org.coupon.dto.CsCampaignFeedtableDgm" />
        <mapping class="com.org.coupon.dto.CsCashbackDebit" />
        <mapping class="com.org.coupon.dto.CsCategoryDetailsDgm" />
        <mapping class="com.org.coupon.dto.CsCategoryDetailsFeedVcm" />
        <mapping class="com.org.coupon.dto.CsCategoryDetailsFlipkart" />
        <mapping class="com.org.coupon.dto.CsCategoryDetailsVcm" />
        <mapping class="com.org.coupon.dto.CsCategoryMaster" />
        <mapping class="com.org.coupon.dto.CsCategoryRefMaster" />
        <mapping class="com.org.coupon.dto.CsDotdFlipkart" />
        <mapping class="com.org.coupon.dto.CsFeedtableDgm" />
        <mapping class="com.org.coupon.dto.CsFeedtableFlipkart" />
        <mapping class="com.org.coupon.dto.CsFeedtableMaster" />
        <mapping class="com.org.coupon.dto.CsFeedtableVcm" />
        <mapping class="com.org.coupon.dto.CsMetatagsMaster" />
        <mapping class="com.org.coupon.dto.CsSaleDgm" />
        <mapping class="com.org.coupon.dto.CsSaleFlipkart" />
        <mapping class="com.org.coupon.dto.CsSaleMaster" />
        <mapping class="com.org.coupon.dto.CsSaleVcm" />
        <mapping class="com.org.coupon.dto.CsUserCashbackMaster" />
        <mapping class="com.org.coupon.dto.CsUserDetailsMaster" />
        <mapping class="com.org.coupon.dto.CsUserMissingSales" />
        <mapping class="com.org.coupon.dto.CsUserSaleDetailsMaster" />
    </session-factory>
</hibernate-configuration>
