<?xml version="1.0"?>
<!DOCTYPE hibernate-mapping PUBLIC "-//Hibernate/Hibernate Mapping DTD 3.0//EN"
"http://www.hibernate.org/dtd/hibernate-mapping-3.0.dtd">
<!-- Generated 2 Oct, 2016 12:43:32 AM by Hibernate Tools 5.1.0.Alpha1 -->
<hibernate-mapping>
    <class name="com.org.coupon.dto.main.pojos.CsCashbackDebit" table="cs_cashback_debit" catalog="couponsenamodified" optimistic-lock="version">
        <id name="transactionId" type="java.lang.Integer">
            <column name="TransactionID" />
            <generator class="identity" />
        </id>
        <property name="transactionDt" type="string">
            <column name="TransactionDt" length="20" />
        </property>
        <property name="debitAmount" type="string">
            <column name="DebitAmount" length="45" />
        </property>
        <property name="userId" type="java.lang.Integer">
            <column name="UserID" />
        </property>
        <property name="accountNumber" type="string">
            <column name="AccountNumber" length="50" />
        </property>
        <property name="ifsccode" type="string">
            <column name="IFSCCode" length="50" />
        </property>
        <property name="bankName" type="string">
            <column name="BankName" length="100" />
        </property>
        <property name="cashbackMode" type="string">
            <column name="CashbackMode" length="45" />
        </property>
        <property name="rowEffDt" type="string">
            <column name="Row_Eff_Dt" length="20" />
        </property>
        <property name="rowTermDt" type="string">
            <column name="Row_Term_Dt" length="20" />
        </property>
    </class>
</hibernate-mapping>
