<?xml version="1.0"?>
<!DOCTYPE hibernate-mapping PUBLIC "-//Hibernate/Hibernate Mapping DTD 3.0//EN"
"http://www.hibernate.org/dtd/hibernate-mapping-3.0.dtd">
<!-- Generated 2 Oct, 2016 12:43:32 AM by Hibernate Tools 5.1.0.Alpha1 -->
<hibernate-mapping>
    <class name="com.org.coupon.dto.main.pojos.CsCampaignDetailsMaster" table="cs_campaign_details_master" catalog="couponsenamodified" optimistic-lock="version">
        <id name="storeId" type="java.lang.Integer">
            <column name="StoreID" />
            <generator class="identity" />
        </id>
        <property name="storeName" type="string">
            <column name="StoreName" length="200" not-null="true" />
        </property>
        <property name="sourceStoreId" type="int">
            <column name="SourceStoreID" not-null="true" />
        </property>
        <property name="sourceStoreName" type="string">
            <column name="SourceStoreName" length="200" not-null="true" />
        </property>
        <property name="sourceName" type="string">
            <column name="SourceName" length="100" />
        </property>
        <property name="flag" type="string">
            <column name="Flag" length="10" />
        </property>
        <property name="rowEffDt" type="string">
            <column name="Row_Eff_Dt" length="20" />
        </property>
        <property name="rowTermDt" type="string">
            <column name="Row_Term_Dt" length="20" />
        </property>
    </class>
</hibernate-mapping>
