<?xml version="1.0"?>
<!DOCTYPE hibernate-mapping PUBLIC "-//Hibernate/Hibernate Mapping DTD 3.0//EN"
"http://www.hibernate.org/dtd/hibernate-mapping-3.0.dtd">
<!-- Generated 2 Oct, 2016 12:43:32 AM by Hibernate Tools 5.1.0.Alpha1 -->
<hibernate-mapping>
    <class name="com.org.coupon.dto.main.pojos.CsCampaignFeedtableDgm" table="cs_campaign_feedtable_dgm" catalog="couponsenamodified" optimistic-lock="version">
        <id name="storeid" type="int">
            <column name="storeid" />
            <generator class="assigned" />
        </id>
        <property name="storename" type="string">
            <column name="storename" length="200" not-null="true" />
        </property>
        <property name="couponsenaCampaignId" type="java.lang.Integer">
            <column name="Couponsena_Campaign_ID" />
        </property>
        <property name="couponsenaCaimpaignName" type="string">
            <column name="Couponsena_Caimpaign_name" length="100" />
        </property>
        <property name="rowEffDt" type="string">
            <column name="Row_Eff_Dt" length="20" />
        </property>
        <property name="rowTermDt" type="string">
            <column name="Row_Term_Dt" length="20" />
        </property>
    </class>
</hibernate-mapping>
