<?xml version="1.0"?>
<!DOCTYPE hibernate-mapping PUBLIC "-//Hibernate/Hibernate Mapping DTD 3.0//EN"
"http://www.hibernate.org/dtd/hibernate-mapping-3.0.dtd">
<!-- Generated 2 Oct, 2016 12:43:32 AM by Hibernate Tools 5.1.0.Alpha1 -->
<hibernate-mapping>
    <class name="com.org.coupon.dto.main.pojos.CsSaleVcm" table="cs_sale_vcm" catalog="couponsenamodified" optimistic-lock="version">
        <id name="id" type="int">
            <column name="Id" />
            <generator class="assigned" />
        </id>
        <property name="adId" type="string">
            <column name="Ad_Id" length="50" />
        </property>
        <property name="saleDt" type="timestamp">
            <column name="Sale_dt" length="19" />
        </property>
        <property name="saleAmount" type="string">
            <column name="Sale_amount" length="15" />
        </property>
        <property name="saleComm" type="string">
            <column name="Sale_Comm" length="15" />
        </property>
        <property name="payoutStatus" type="string">
            <column name="Payout_Status" length="20" />
        </property>
        <property name="campaignId" type="java.lang.Integer">
            <column name="Campaign_ID" />
        </property>
        <property name="userId" type="java.lang.Integer">
            <column name="User_ID" />
        </property>
        <property name="couponId" type="string">
            <column name="Coupon_ID" length="10" />
        </property>
        <property name="network" type="string">
            <column name="Network" length="10" />
        </property>
        <property name="rowEffDt" type="date">
            <column name="Row_Eff_Dt" length="10" />
        </property>
        <property name="rowTermDt" type="date">
            <column name="Row_term_Dt" length="10" />
        </property>
    </class>
</hibernate-mapping>
