<?xml version="1.0"?>
<!DOCTYPE hibernate-mapping PUBLIC "-//Hibernate/Hibernate Mapping DTD 3.0//EN"
"http://www.hibernate.org/dtd/hibernate-mapping-3.0.dtd">
<!-- Generated 2 Oct, 2016 12:43:32 AM by Hibernate Tools 5.1.0.Alpha1 -->
<hibernate-mapping>
    <class name="com.org.coupon.dto.main.pojos.CsSaleMaster" table="cs_sale_master" catalog="couponsenamodified" optimistic-lock="version">
        <id name="saleId" type="string">
            <column name="SaleID" length="50" />
            <generator class="assigned" />
        </id>
        <property name="saleDt" type="string">
            <column name="SaleDt" length="20" />
        </property>
        <property name="saleAmount" type="string">
            <column name="SaleAmount" length="45" />
        </property>
        <property name="saleCommission" type="string">
            <column name="SaleCommission" length="45" />
        </property>
        <property name="saleSource" type="string">
            <column name="SaleSource" length="45" />
        </property>
        <property name="saleStatus" type="string">
            <column name="SaleStatus" length="45" />
        </property>
        <property name="approvedDt" type="string">
            <column name="ApprovedDt" length="20" />
        </property>
        <property name="deletedDt" type="string">
            <column name="DeletedDt" length="20" />
        </property>
        <property name="userId" type="java.lang.Integer">
            <column name="UserID" />
        </property>
        <property name="couponId" type="string">
            <column name="CouponID" length="100" />
        </property>
        <property name="storeId" type="java.lang.Integer">
            <column name="StoreID" />
        </property>
        <property name="rowEffDt" type="string">
            <column name="Row_Eff_Dt" length="20" />
        </property>
        <property name="rowTermDt" type="string">
            <column name="Row_Term_Dt" length="20" />
        </property>
        <set name="csUserSaleDetailsMasters" table="cs_user_sale_details_master" inverse="true" lazy="true" fetch="select">
            <key>
                <column name="SaleID" length="50" />
            </key>
            <one-to-many class="com.org.coupon.dto.main.pojos.CsUserSaleDetailsMaster" />
        </set>
    </class>
</hibernate-mapping>
