<?xml version="1.0"?>
<!DOCTYPE hibernate-mapping PUBLIC "-//Hibernate/Hibernate Mapping DTD 3.0//EN"
"http://www.hibernate.org/dtd/hibernate-mapping-3.0.dtd">
<!-- Generated 2 Oct, 2016 12:43:32 AM by Hibernate Tools 5.1.0.Alpha1 -->
<hibernate-mapping>
    <class name="com.org.coupon.dto.main.pojos.CsUserSaleDetailsMaster" table="cs_user_sale_details_master" catalog="couponsenamodified" optimistic-lock="version">
        <composite-id name="id" class="com.org.coupon.dto.main.pojos.CsUserSaleDetailsMasterId">
            <key-property name="userId" type="java.lang.Integer">
                <column name="UserID" />
            </key-property>
            <key-property name="saleId" type="string">
                <column name="SaleID" length="50" />
            </key-property>
            <key-property name="saleDt" type="string">
                <column name="SaleDt" length="20" />
            </key-property>
            <key-property name="saleAmount" type="string">
                <column name="SaleAmount" length="45" />
            </key-property>
            <key-property name="cashbackAmount" type="string">
                <column name="CashbackAmount" length="45" />
            </key-property>
            <key-property name="saleSource" type="string">
                <column name="SaleSource" length="45" />
            </key-property>
            <key-property name="saleStatus" type="string">
                <column name="SaleStatus" length="45" />
            </key-property>
            <key-property name="approvedDt" type="timestamp">
                <column name="ApprovedDt" length="19" />
            </key-property>
            <key-property name="deletedDt" type="string">
                <column name="DeletedDt" length="20" />
            </key-property>
            <key-property name="couponId" type="string">
                <column name="CouponID" length="100" />
            </key-property>
            <key-property name="storeId" type="java.lang.Integer">
                <column name="StoreID" />
            </key-property>
            <key-property name="rowEffDt" type="string">
                <column name="Row_Eff_Dt" length="20" />
            </key-property>
            <key-property name="rowTermDt" type="string">
                <column name="Row_Term_Dt" length="20" />
            </key-property>
        </composite-id>
        <many-to-one name="csSaleMaster" class="com.org.coupon.dto.main.pojos.CsSaleMaster" update="false" insert="false" fetch="select">
            <column name="SaleID" length="50" />
        </many-to-one>
    </class>
</hibernate-mapping>
