<?xml version="1.0"?>
<!DOCTYPE hibernate-mapping PUBLIC "-//Hibernate/Hibernate Mapping DTD 3.0//EN"
"http://www.hibernate.org/dtd/hibernate-mapping-3.0.dtd">
<!-- Generated 2 Oct, 2016 10:42:47 AM by Hibernate Tools 5.1.0.Alpha1 -->
<hibernate-mapping>
    <class name="com.org.coupon.dto.main.pojos.CsCategoryMaster" table="cs_category_master" catalog="couponsenamodified" optimistic-lock="version">
        <id name="entryId" type="java.lang.Integer">
            <column name="entry_id" />
            <generator class="identity" />
        </id>
        <property name="categoryId" type="int">
            <column name="CategoryID" not-null="true" />
        </property>
        <property name="categoryName" type="string">
            <column name="CategoryName" length="100" />
        </property>
        <property name="sourceCategoryId" type="java.lang.Integer">
            <column name="Source_Category_ID" />
        </property>
        <property name="sourceCategoryName" type="string">
            <column name="Source_Category_Name" length="100" />
        </property>
        <property name="source" type="string">
            <column name="Source" length="45" />
        </property>
        <property name="rowEffDt" type="string">
            <column name="Row_Eff_Dt" length="20" />
        </property>
        <property name="rowTermDt" type="string">
            <column name="Row_Term_Dt" length="20" />
        </property>
    </class>
</hibernate-mapping>
