<?xml version="1.0"?>
<!DOCTYPE hibernate-mapping PUBLIC "-//Hibernate/Hibernate Mapping DTD 3.0//EN"
"http://www.hibernate.org/dtd/hibernate-mapping-3.0.dtd">
<!-- Generated 2 Oct, 2016 10:42:47 AM by Hibernate Tools 5.1.0.Alpha1 -->
<hibernate-mapping>
    <class name="com.org.coupon.dto.main.pojos.CsCampaignDetailsVcm" table="cs_campaign_details_vcm" catalog="couponsenamodified" optimistic-lock="version">
        <id name="campaignId" type="int">
            <column name="Campaign_id" />
            <generator class="assigned" />
        </id>
        <property name="brandName" type="string">
            <column name="Brand_name" length="200" />
        </property>
        <property name="campaignName" type="string">
            <column name="Campaign_name" length="100" />
        </property>
        <property name="description" type="string">
            <column name="Description" length="5000" />
        </property>
        <property name="approvalStatus" type="java.lang.Integer">
            <column name="Approval_Status" />
        </property>
        <property name="payoutType" type="string">
            <column name="Payout_Type" length="50" />
        </property>
        <property name="defaultPayout" type="string">
            <column name="Default_Payout" length="15" />
        </property>
        <property name="percentPayout" type="string">
            <column name="Percent_payout" length="15" />
        </property>
        <property name="couponsenaCampaignId" type="java.lang.Integer">
            <column name="Couponsena_Campaign_ID" />
        </property>
        <property name="couponsenaCaimpaignName" type="string">
            <column name="Couponsena_Caimpaign_name" length="100" />
        </property>
        <property name="rowEffDt" type="string">
            <column name="Row_Eff_dt" length="20" />
        </property>
        <property name="rowTermDt" type="string">
            <column name="Row_Term_Dt" length="20" />
        </property>
    </class>
</hibernate-mapping>
