<?xml version="1.0"?>
<!DOCTYPE hibernate-mapping PUBLIC "-//Hibernate/Hibernate Mapping DTD 3.0//EN"
"http://www.hibernate.org/dtd/hibernate-mapping-3.0.dtd">
<!-- Generated 2 Oct, 2016 10:42:47 AM by Hibernate Tools 5.1.0.Alpha1 -->
<hibernate-mapping>
    <class name="com.org.coupon.dto.main.pojos.CsCategoryRefMaster" table="cs_category_ref_master" catalog="couponsenamodified" optimistic-lock="version">
        <id name="entryId" type="java.lang.Integer">
            <column name="entry_id" />
            <generator class="identity" />
        </id>
        <property name="categoryId" type="java.lang.Integer">
            <column name="category_id" />
        </property>
        <property name="categoryName" type="string">
            <column name="category_name" length="200" />
        </property>
        <property name="subcategoryName" type="string">
            <column name="subcategory_name" length="200" />
        </property>
        <property name="rowEffDt" type="string">
            <column name="row_eff_dt" length="20" />
        </property>
        <property name="rowTermDt" type="string">
            <column name="row_term_dt" length="20" />
        </property>
    </class>
</hibernate-mapping>
