<?xml version="1.0"?>
<!DOCTYPE hibernate-mapping PUBLIC "-//Hibernate/Hibernate Mapping DTD 3.0//EN"
"http://www.hibernate.org/dtd/hibernate-mapping-3.0.dtd">
<!-- Generated 2 Oct, 2016 10:42:47 AM by Hibernate Tools 5.1.0.Alpha1 -->
<hibernate-mapping>
    <class name="com.org.coupon.dto.main.pojos.CsCategoryDetailsDgm" table="cs_category_details_dgm" catalog="couponsenamodified" optimistic-lock="version">
        <id name="categoryId" type="int">
            <column name="categoryID" />
            <generator class="assigned" />
        </id>
        <property name="couponCategoryName" type="string">
            <column name="coupon_category_name" length="200" />
        </property>
        <property name="couponsenaCategoryId" type="java.lang.Integer">
            <column name="Couponsena_category_ID" />
        </property>
        <property name="couponsenaCategoryName" type="string">
            <column name="Couponsena_Category_name" length="200" />
        </property>
        <property name="rowEffDt" type="string">
            <column name="Row_Eff_dt" length="20" />
        </property>
        <property name="rowTermDt" type="string">
            <column name="Row_Term_Dt" length="20" />
        </property>
    </class>
</hibernate-mapping>
