<?xml version="1.0"?>
<!DOCTYPE hibernate-mapping PUBLIC "-//Hibernate/Hibernate Mapping DTD 3.0//EN"
"http://www.hibernate.org/dtd/hibernate-mapping-3.0.dtd">
<!-- Generated 2 Oct, 2016 10:42:47 AM by Hibernate Tools 5.1.0.Alpha1 -->
<hibernate-mapping>
    <class name="com.org.coupon.dto.main.pojos.CsDotdFlipkart" table="cs_dotd_flipkart" catalog="couponsenamodified" optimistic-lock="version">
        <id name="dotdid" type="java.lang.Integer">
            <column name="Dotdid" />
            <generator class="identity" />
        </id>
        <property name="title" type="string">
            <column name="Title" length="500" />
        </property>
        <property name="description" type="string">
            <column name="Description" length="2000" />
        </property>
        <property name="url" type="string">
            <column name="url" length="5000" />
        </property>
        <property name="imageurlThumbnail" type="string">
            <column name="imageurl_thumbnail" length="5000" />
        </property>
        <property name="imageurlLogo" type="string">
            <column name="imageurl_logo" length="5000" />
        </property>
        <property name="availability" type="string">
            <column name="availability" length="50" />
        </property>
        <property name="rowEffDt" type="string">
            <column name="row_eff_dt" length="20" />
        </property>
        <property name="rowTermDt" type="string">
            <column name="row_term_dt" length="20" />
        </property>
    </class>
</hibernate-mapping>
