<?xml version="1.0"?>
<!DOCTYPE hibernate-mapping PUBLIC "-//Hibernate/Hibernate Mapping DTD 3.0//EN"
"http://www.hibernate.org/dtd/hibernate-mapping-3.0.dtd">
<!-- Generated 2 Oct, 2016 10:42:47 AM by Hibernate Tools 5.1.0.Alpha1 -->
<hibernate-mapping>
    <class name="com.org.coupon.dto.main.pojos.CsFeedtableVcm" table="cs_feedtable_vcm" catalog="couponsenamodified" optimistic-lock="version">
        <id name="couponId" type="string">
            <column name="Coupon_ID" length="10" />
            <generator class="assigned" />
        </id>
        <property name="couponTitle" type="string">
            <column name="Coupon_title" length="1000" />
        </property>
        <property name="couponDescription" type="string">
            <column name="Coupon_Description" length="4000" />
        </property>
        <property name="couponType" type="string">
            <column name="Coupon_Type" length="50" />
        </property>
        <property name="couponCode" type="string">
            <column name="Coupon_Code" length="50" />
        </property>
        <property name="couponLink" type="string">
            <column name="Coupon_Link" length="10000" />
        </property>
        <property name="addedDate" type="string">
            <column name="Added_Date" length="20" />
        </property>
        <property name="expiryDate" type="string">
            <column name="Expiry_Date" length="20" />
        </property>
        <property name="campaignId" type="java.lang.Integer">
            <column name="Campaign_id" />
        </property>
        <property name="campaignName" type="string">
            <column name="Campaign_name" length="100" />
        </property>
        <property name="categoryName" type="string">
            <column name="Category_name" length="200" />
        </property>
        <property name="campaignImage" type="string">
            <column name="Campaign_Image" length="1000" />
        </property>
        <property name="rowEffDt" type="string">
            <column name="Row_Eff_Dt" length="20" />
        </property>
        <property name="rowTermDt" type="string">
            <column name="Row_Term_Dt" length="20" />
        </property>
    </class>
</hibernate-mapping>
