<?xml version="1.0"?>
<!DOCTYPE hibernate-mapping PUBLIC "-//Hibernate/Hibernate Mapping DTD 3.0//EN"
"http://www.hibernate.org/dtd/hibernate-mapping-3.0.dtd">
<!-- Generated 2 Oct, 2016 10:42:47 AM by Hibernate Tools 5.1.0.Alpha1 -->
<hibernate-mapping>
    <class name="com.org.coupon.dto.main.pojos.CsFeedtableDgm" table="cs_feedtable_dgm" catalog="couponsenamodified" optimistic-lock="version">
        <id name="id" type="string">
            <column name="Id" length="100" />
            <generator class="assigned" />
        </id>
        <property name="dealTitle" type="string">
            <column name="DealTitle" length="200" />
        </property>
        <property name="dealType" type="string">
            <column name="DealType" length="100" />
        </property>
        <property name="dealCode" type="string">
            <column name="DealCode" length="100" />
        </property>
        <property name="dealDescription" type="string">
            <column name="DealDescription" length="1000" />
        </property>
        <property name="dealLink" type="string">
            <column name="DealLink" length="10000" />
        </property>
        <property name="couponCategory" type="string">
            <column name="CouponCategory" length="100" />
        </property>
        <property name="couponCategoryId" type="string">
            <column name="CouponCategoryId" length="100" />
        </property>
        <property name="storeName" type="string">
            <column name="StoreName" length="100" />
        </property>
        <property name="storeId" type="string">
            <column name="StoreId" length="100" />
        </property>
        <property name="campaignLogo" type="string">
            <column name="CampaignLogo" length="100" />
        </property>
        <property name="lastVerified" type="string">
            <column name="LastVerified" length="100" />
        </property>
        <property name="expired" type="string">
            <column name="Expired" length="100" />
        </property>
        <property name="exclusive" type="string">
            <column name="Exclusive" length="100" />
        </property>
        <property name="thumbnail" type="string">
            <column name="Thumbnail" length="200" />
        </property>
        <property name="rowEffDt" type="string">
            <column name="row_eff_dt" length="20" />
        </property>
        <property name="rowTermDt" type="string">
            <column name="row_term_dt" length="20" />
        </property>
    </class>
</hibernate-mapping>
