<?xml version="1.0"?>
<!DOCTYPE hibernate-mapping PUBLIC "-//Hibernate/Hibernate Mapping DTD 3.0//EN"
"http://www.hibernate.org/dtd/hibernate-mapping-3.0.dtd">
<!-- Generated 2 Oct, 2016 10:42:47 AM by Hibernate Tools 5.1.0.Alpha1 -->
<hibernate-mapping>
    <class name="com.org.coupon.dto.main.pojos.CsFeedtableMaster" table="cs_feedtable_master" catalog="couponsenamodified" optimistic-lock="version">
        <id name="couponId" type="string">
            <column name="CouponId" length="100" />
            <generator class="assigned" />
        </id>
        <property name="dealTitle" type="string">
            <column name="DealTitle" length="200" />
        </property>
        <property name="dealType" type="string">
            <column name="DealType" length="100" />
        </property>
        <property name="couponCode" type="string">
            <column name="CouponCode" length="100" />
        </property>
        <property name="dealDescription" type="string">
            <column name="DealDescription" length="5000" />
        </property>
        <property name="dealLink" type="string">
            <column name="DealLink" length="10000" />
        </property>
        <property name="couponCategory" type="string">
            <column name="CouponCategory" length="100" />
        </property>
        <property name="couponCategoryId" type="string">
            <column name="CouponCategoryId" length="100" />
        </property>
        <property name="storeName" type="string">
            <column name="StoreName" length="100" />
        </property>
        <property name="storeId" type="string">
            <column name="StoreId" length="100" />
        </property>
        <property name="storeLogo" type="string">
            <column name="StoreLogo" length="100" />
        </property>
        <property name="lastVerifiedDt" type="string">
            <column name="LastVerifiedDt" length="100" />
        </property>
        <property name="expiryDt" type="string">
            <column name="ExpiryDt" length="100" />
        </property>
        <property name="exclusive" type="string">
            <column name="Exclusive" length="100" />
        </property>
        <property name="storeThumbnail" type="string">
            <column name="StoreThumbnail" length="200" />
        </property>
        <property name="sourcename" type="string">
            <column name="Sourcename" length="100" />
        </property>
        <property name="flag" type="string">
            <column name="Flag" length="10" />
        </property>
        <property name="cashback" type="string">
            <column name="Cashback" length="100" />
        </property>
        <property name="isBrand" type="java.lang.Integer">
            <column name="IsBrand" />
        </property>
        <property name="rowEffDt" type="string">
            <column name="Row_Eff_Dt" length="100" not-null="true" />
        </property>
        <property name="rowTermDt" type="string">
            <column name="Row_Term_Dt" length="100" />
        </property>
    </class>
</hibernate-mapping>
