<?xml version="1.0"?>
<!DOCTYPE hibernate-mapping PUBLIC "-//Hibernate/Hibernate Mapping DTD 3.0//EN"
"http://www.hibernate.org/dtd/hibernate-mapping-3.0.dtd">
<!-- Generated 2 Oct, 2016 10:42:47 AM by Hibernate Tools 5.1.0.Alpha1 -->
<hibernate-mapping>
    <class name="com.org.coupon.dto.main.pojos.CsMetatagsMaster" table="cs_metatags_master" catalog="couponsenamodified" optimistic-lock="version">
        <id name="id" type="java.lang.Integer">
            <column name="Id" />
            <generator class="identity" />
        </id>
        <property name="name" type="string">
            <column name="Name" length="100" />
        </property>
        <property name="type" type="string">
            <column name="Type" length="100" />
        </property>
        <property name="title" type="string">
            <column name="Title" length="100" />
        </property>
        <property name="description" type="string">
            <column name="Description" length="1000" />
        </property>
        <property name="keywords" type="string">
            <column name="Keywords" length="100" />
        </property>
        <property name="rowEffDt" type="string">
            <column name="Row_eff_dt" length="100" />
        </property>
        <property name="rowTermDt" type="string">
            <column name="Row_term_dt" length="100" />
        </property>
    </class>
</hibernate-mapping>
