<?xml version="1.0"?>
<!DOCTYPE hibernate-mapping PUBLIC "-//Hibernate/Hibernate Mapping DTD 3.0//EN"
"http://www.hibernate.org/dtd/hibernate-mapping-3.0.dtd">
<!-- Generated 2 Oct, 2016 10:42:47 AM by Hibernate Tools 5.1.0.Alpha1 -->
<hibernate-mapping>
    <class name="com.org.coupon.dto.main.pojos.CsSaleDgm" table="cs_sale_dgm" catalog="couponsenamodified" optimistic-lock="version">
        <id name="saleId" type="string">
            <column name="SaleID" length="20" />
            <generator class="assigned" />
        </id>
        <property name="campaignName" type="string">
            <column name="CampaignName" length="200" />
        </property>
        <property name="campaignId" type="string">
            <column name="CampaignID" length="20" />
        </property>
        <property name="advertiserName" type="string">
            <column name="AdvertiserName" length="200" />
        </property>
        <property name="companyId" type="string">
            <column name="CompanyID" length="20" />
        </property>
        <property name="orderId" type="string">
            <column name="OrderID" length="50" unique="true" />
        </property>
        <property name="networkId" type="string">
            <column name="NetworkID" length="20" />
        </property>
        <property name="saleStatus" type="string">
            <column name="SaleStatus" length="45" />
        </property>
        <property name="actionDate" type="string">
            <column name="ActionDate" length="20" />
        </property>
        <property name="saleDate" type="string">
            <column name="SaleDate" length="20" />
        </property>
        <property name="validatedDate" type="string">
            <column name="ValidatedDate" length="20" />
        </property>
        <property name="saleValue" type="big_decimal">
            <column name="SaleValue" precision="12" />
        </property>
        <property name="saleCommission" type="big_decimal">
            <column name="SaleCommission" precision="12" />
        </property>
        <property name="creativeId" type="string">
            <column name="CreativeID" length="20" />
        </property>
        <property name="creativeName" type="string">
            <column name="CreativeName" length="200" />
        </property>
        <property name="bannerGroupId" type="string">
            <column name="BannerGroupID" length="20" />
        </property>
        <property name="bannerGroupName" type="string">
            <column name="BannerGroupName" length="200" />
        </property>
        <property name="dgParam1" type="string">
            <column name="DgParam1" length="20" />
        </property>
        <property name="dgParam2" type="string">
            <column name="DgParam2" length="20" />
        </property>
        <property name="dgParam3" type="string">
            <column name="DgParam3" length="20" />
        </property>
        <property name="dgParam4" type="string">
            <column name="DgParam4" length="20" />
        </property>
        <property name="dgParam5" type="string">
            <column name="DgParam5" length="20" />
        </property>
        <property name="rowEffDt" type="string">
            <column name="Row_Eff_Dt" length="20" />
        </property>
        <property name="rowTermDt" type="string">
            <column name="Row_term_Dt" length="20" />
        </property>
    </class>
</hibernate-mapping>
