<?xml version="1.0"?>
<!DOCTYPE hibernate-mapping PUBLIC "-//Hibernate/Hibernate Mapping DTD 3.0//EN"
"http://www.hibernate.org/dtd/hibernate-mapping-3.0.dtd">
<!-- Generated 2 Oct, 2016 10:42:47 AM by Hibernate Tools 5.1.0.Alpha1 -->
<hibernate-mapping>
    <class name="com.org.coupon.dto.main.pojos.CsUserDetailsMaster" table="cs_user_details_master" catalog="couponsenamodified" optimistic-lock="version">
        <id name="userId" type="java.lang.Integer">
            <column name="UserID" />
            <generator class="identity" />
        </id>
        <property name="firstName" type="string">
            <column name="FirstName" length="45" not-null="true" />
        </property>
        <property name="lastName" type="string">
            <column name="LastName" length="45" not-null="true" />
        </property>
        <property name="gender" type="string">
            <column name="Gender" length="45" not-null="true" />
        </property>
        <property name="mobileNumber" type="string">
            <column name="MobileNumber" length="45" />
        </property>
        <property name="city" type="string">
            <column name="City" length="45" />
        </property>
        <property name="dob" type="string">
            <column name="DOB" length="20" />
        </property>
        <property name="doa" type="string">
            <column name="DOA" length="20" />
        </property>
        <property name="email" type="string">
            <column name="Email" length="100" not-null="true" />
        </property>
        <property name="addressLine1" type="string">
            <column name="AddressLine1" length="500" />
        </property>
        <property name="addressLine2" type="string">
            <column name="AddressLine2" length="500" />
        </property>
        <property name="state" type="string">
            <column name="State" length="100" />
        </property>
        <property name="pincode" type="string">
            <column name="Pincode" length="6" />
        </property>
        <property name="profilePic" type="string">
            <column name="ProfilePic" length="500" />
        </property>
        <property name="lastLogin" type="string">
            <column name="LastLogin" length="20" />
        </property>
        <property name="bankName" type="string">
            <column name="BankName" length="100" />
        </property>
        <property name="bankBranchName" type="string">
            <column name="BankBranchName" length="100" />
        </property>
        <property name="bankAccountNumber" type="string">
            <column name="BankAccountNumber" length="50" />
        </property>
        <property name="ifsccode" type="string">
            <column name="IFSCCode" length="50" />
        </property>
        <property name="beneficiaryName" type="string">
            <column name="BeneficiaryName" length="100" />
        </property>
        <property name="rowEffDt" type="string">
            <column name="Row_Eff_Dt" length="20" />
        </property>
        <property name="rowTermDt" type="string">
            <column name="Row_Term_Dt" length="20" />
        </property>
        <property name="password" type="string">
            <column name="Password" length="50" not-null="true" />
        </property>
    </class>
</hibernate-mapping>
