<?xml version="1.0"?>
<!DOCTYPE hibernate-mapping PUBLIC "-//Hibernate/Hibernate Mapping DTD 3.0//EN"
"http://www.hibernate.org/dtd/hibernate-mapping-3.0.dtd">
<!-- Generated 2 Oct, 2016 10:42:47 AM by Hibernate Tools 5.1.0.Alpha1 -->
<hibernate-mapping>
    <class name="com.org.coupon.dto.main.pojos.CsUserCashbackMaster" table="cs_user_cashback_master" catalog="couponsenamodified" optimistic-lock="version">
        <id name="userId" type="int">
            <column name="UserID" />
            <generator class="assigned" />
        </id>
        <property name="pendingAmount" type="big_decimal">
            <column name="PendingAmount" precision="12" />
        </property>
        <property name="approvedAmount" type="big_decimal">
            <column name="ApprovedAmount" precision="12" />
        </property>
        <property name="deletedAmount" type="big_decimal">
            <column name="DeletedAmount" precision="12" />
        </property>
        <property name="totalAmount" type="big_decimal">
            <column name="TotalAmount" precision="12" />
        </property>
        <property name="cashBackGiven" type="big_decimal">
            <column name="CashBackGiven" precision="12" />
        </property>
        <property name="rowEffDt" type="string">
            <column name="Row_Eff_Dt" length="20" />
        </property>
        <property name="rowTermDt" type="string">
            <column name="Row_Term_Dt" length="20" />
        </property>
    </class>
</hibernate-mapping>
