<?xml version="1.0"?>
<!DOCTYPE hibernate-mapping PUBLIC "-//Hibernate/Hibernate Mapping DTD 3.0//EN"
"http://www.hibernate.org/dtd/hibernate-mapping-3.0.dtd">
<!-- Generated 2 Oct, 2016 10:42:47 AM by Hibernate Tools 5.1.0.Alpha1 -->
<hibernate-mapping>
    <class name="com.org.coupon.dto.main.pojos.CsUserMissingSales" table="cs_user_missing_sales" catalog="couponsenamodified" optimistic-lock="version">
        <id name="missingId" type="java.lang.Integer">
            <column name="missing_id" />
            <generator class="identity" />
        </id>
        <property name="userId" type="java.lang.Integer">
            <column name="user_id" />
        </property>
        <property name="dateOfTransaction" type="string">
            <column name="date_of_transaction" length="100" />
        </property>
        <property name="merchantName" type="string">
            <column name="merchant_name" length="100" />
        </property>
        <property name="transactionId" type="string">
            <column name="transaction_id" length="45" />
        </property>
        <property name="totalAmountPaid" type="string">
            <column name="total_amount_paid" length="100" />
        </property>
        <property name="couponCodeUsed" type="string">
            <column name="coupon_code_used" length="45" />
        </property>
        <property name="addAttachment" type="string">
            <column name="add_attachment" length="100" />
        </property>
        <property name="rowEffDt" type="string">
            <column name="row_eff_dt" length="20" />
        </property>
        <property name="rowTermDt" type="string">
            <column name="row_term_dt" length="20" />
        </property>
    </class>
</hibernate-mapping>
