{"value":[{"coupon":[{"dealId":"0002723584c2a525507445d7575efa20","thumbnailURL":"http://dzh2xn6ml8v5t.cloudfront.net/thumb/store/25.jpg","brandAndCategory":"Snapdeal - All","dealTitle":"Big-Brand Theory - Up To 50% Off On Mens Clothing By Jack u0026 Jones","dealExpiaryDate":"2016-06-30","dealLink":"http://www.s2d6.com/x/?xu003dcu0026zu003dsu0026vu003d6368638u0026ku003d[NETWORKID]u0026tu003dhttp%3A%2F%2Fwww.snapdeal.com%2Fproducts%2Fmen-apparel%3FJones%257C%3D%26sort%3Dplrty%26utm_source%3Daff_prog%26utm_campaign%3Dafts%26offer_id%3D17%26aff_id%3D12865%26aff_sub%3D69685%26aff_sub2%3D%5BCLICK_ID%5D","userId":"","dealType":"Offer","dealCode":""},{"dealId":"001e636b12f4c9f91c8538dd2b054924","thumbnailURL":"http://dzh2xn6ml8v5t.cloudfront.net/thumb/store/25.jpg","brandAndCategory":"Snapdeal - Fashion and Accessories","dealTitle":"Computer Speakers - Get 2.1 Speakers Below Rs.999","dealExpiaryDate":"2016-06-26","dealLink":"http://www.s2d6.com/x/?xu003dcu0026zu003dsu0026vu003d6368638u0026ku003d[NETWORKID]u0026tu003dhttp%3A%2F%2Fwww.snapdeal.com%2Fproducts%2Fcomputers-2-1-speakers%3Fbr_campaign%3DNL_20160527_92373%26sort%3Dplrty%26q%3DPrice%253A550%252C999%257CsdFullfilled%253ASnapdeal%257C%26aff_id%3D3122%26utm_source%3Daff_prog%26utm_campaign%3Dafts%26offer_id%3D17%26aff_id%3D12865%26aff_sub%3D69685%26aff_sub2%3D%5BCLICK_ID%5D","userId":"","dealType":"Offer","dealCode":""},{"dealId":"015c5fb01396b6c3f91b5fb32e88a66e","thumbnailURL":"http://dzh2xn6ml8v5t.cloudfront.net/thumb/store/25.jpg","brandAndCategory":"Snapdeal - All","dealTitle":"Get Minimum 50% Off On Fashion Accessories","dealExpiaryDate":"2016-06-19","dealLink":"http://www.s2d6.com/x/?xu003dcu0026zu003dsu0026vu003d6368638u0026ku003d[NETWORKID]u0026tu003dhttp%3A%2F%2Fwww.snapdeal.com%2Fproducts%2Ffashion%3Fq%3Ddiscount%253A50%2520-%252060%255E60%2520-%252070%255E70%2520-%252080%257CPrice%253A110%252C2000%257C%26sort%3Dplrty%26utm_source%3Daff_prog%26utm_campaign%3Dafts%26offer_id%3D17%26aff_id%3D12865%26aff_sub%3D69685%26aff_sub2%3D%5BCLICK_ID%5D","userId":"","dealType":"Offer","dealCode":""},{"dealId":"0478fa314c879eb2e2f6586d929716f9","thumbnailURL":"http://dzh2xn6ml8v5t.cloudfront.net/thumb/store/25.jpg","brandAndCategory":"Snapdeal - All","dealTitle":"Deal Of The Day – Upto 70% Off Exciting Offers For Today","dealExpiaryDate":"2016-06-26","dealLink":"http://www.s2d6.com/x/?xu003dcu0026zu003dsu0026vu003d6368638u0026ku003d[NETWORKID]u0026tu003dhttp%3A%2F%2Fwww.snapdeal.com%2Foffers%2Fdeal-of-the-day%3Futm_source%3Daff_prog%26utm_campaign%3Dafts%26offer_id%3D17%26aff_id%3D12865%26aff_sub%3D69685%26aff_sub2%3D%5BCLICK_ID%5D","userId":"","dealType":"Offer","dealCode":""},{"dealId":"0524c3aebf79efc0fabc189812e8ce25","thumbnailURL":"http://dzh2xn6ml8v5t.cloudfront.net/thumb/store/25.jpg","brandAndCategory":"Snapdeal - All","dealTitle":"Up To 30% Off On Branded Tablets","dealExpiaryDate":"2016-06-19","dealLink":"http://www.s2d6.com/x/?xu003dcu0026zu003dsu0026vu003d6368638u0026ku003d[NETWORKID]u0026tu003dhttp%3A%2F%2Fwww.snapdeal.com%2Fproducts%2Fmobiles-tablets%3Futm_source%3Daff_prog%26utm_campaign%3Dafts%26offer_id%3D17%26aff_id%3D12865%26aff_sub%3D69685%26aff_sub2%3D%5BCLICK_ID%5D","userId":"","dealType":"Offer","dealCode":""},{"dealId":"0649153e8ff5d125cab154842a5f236f","thumbnailURL":"http://dzh2xn6ml8v5t.cloudfront.net/thumb/store/25.jpg","brandAndCategory":"Snapdeal - All","dealTitle":"Get Up To 37% Off On Branded Smartphones","dealExpiaryDate":"2016-06-19","dealLink":"http://www.s2d6.com/x/?xu003dcu0026zu003dsu0026vu003d6368638u0026ku003d[NETWORKID]u0026tu003dhttp%3A%2F%2Fwww.snapdeal.com%2Foffers%2Fmobile-sale%3Futm_source%3Daff_prog%26utm_campaign%3Dafts%26offer_id%3D17%26aff_id%3D12865%26aff_sub%3D69685%26aff_sub2%3D%5BCLICK_ID%5D","userId":"","dealType":"Offer","dealCode":""},{"dealId":"07f6dca181ae8c069ff3a465365290c7","thumbnailURL":"http://dzh2xn6ml8v5t.cloudfront.net/thumb/store/25.jpg","brandAndCategory":"Snapdeal - All","dealTitle":"Top Selling: Up To 80% OFF On Mobiles, Electronics","dealExpiaryDate":"2016-06-30","dealLink":"http://www.s2d6.com/x/?xu003dcu0026zu003dsu0026vu003d6368638u0026ku003d[NETWORKID]u0026tu003dhttp%3A%2F%2Fwww.snapdeal.com%2Foffers%2Fmobiles-electronics-sale%3Futm_source%3Daff_prog%26utm_campaign%3Dafts%26offer_id%3D17%26aff_id%3D12865%26aff_sub%3D69685%26aff_sub2%3D%5BCLICK_ID%5D","userId":"","dealType":"Offer","dealCode":""},{"dealId":"092de04d230eef6889eb1df3faff109f","thumbnailURL":"http://dzh2xn6ml8v5t.cloudfront.net/thumb/store/25.jpg","brandAndCategory":"Snapdeal - Fashion and Accessories","dealTitle":"Summer Sale: Up To 60% OFF On Electronic","dealExpiaryDate":"2016-06-26","dealLink":"http://www.s2d6.com/x/?xu003dcu0026zu003dsu0026vu003d6368638u0026ku003d[NETWORKID]u0026tu003dhttp%3A%2F%2Fwww.snapdeal.com%2Fproducts%2Fappliances-large%3Futm_source%3Daff_prog%26utm_campaign%3Dafts%26offer_id%3D17%26aff_id%3D12865%26aff_sub%3D69685%26aff_sub2%3D%5BCLICK_ID%5D","userId":"","dealType":"Offer","dealCode":""},{"dealId":"0a5886ca813efbd654c159a4d833297d","thumbnailURL":"http://dzh2xn6ml8v5t.cloudfront.net/thumb/store/25.jpg","brandAndCategory":"Snapdeal - All","dealTitle":"Up TO 70% OFF On Beauty Products","dealExpiaryDate":"2016-06-30","dealLink":"http://www.s2d6.com/x/?xu003dcu0026zu003dsu0026vu003d6368638u0026ku003d[NETWORKID]u0026tu003dhttp%3A%2F%2Fwww.snapdeal.com%2Foffers%2Fbrands-beauty%3Futm_source%3Daff_prog%26utm_campaign%3Dafts%26offer_id%3D17%26aff_id%3D12865%26aff_sub%3D69685%26aff_sub2%3D%5BCLICK_ID%5D","userId":"","dealType":"Offer","dealCode":""},{"dealId":"0e41e2244de8431a5b22d0f05b0aaf07","thumbnailURL":"http://dzh2xn6ml8v5t.cloudfront.net/thumb/store/25.jpg","brandAndCategory":"Snapdeal - All","dealTitle":"Get Up To 33% Off On Patanjali Products","dealExpiaryDate":"2016-06-30","dealLink":"http://www.s2d6.com/x/?xu003dcu0026zu003dsu0026vu003d6368638u0026ku003d[NETWORKID]u0026tu003dhttp%3A%2F%2Fwww.snapdeal.com%2Fsearch%3Fkeyword%3Dpatanjali%2520products%26santizedKeyword%3Dbaba%2Bramdev%2Bpatanjali%2Bproducts%26catId%3D0%26categoryId%3D0%26suggested%3Dtrue%26vertical%3Dp%26noOfResults%3D48%26clickSrc%3Dsuggested%26lastKeyword%3D%26prodCatId%3D%26changeBackToAll%3Dfalse%26foundInAll%3Dfalse%26categoryIdSearched%3D%26cityPageUrl%3D%26url%3D%26utmContent%3D%26dealDetail%3D%26sort%3Ddhtl%26utm_source%3Daff_prog%26utm_campaign%3Dafts%26offer_id%3D17%26aff_id%3D12865%26aff_sub%3D69685%26aff_sub2%3D%5BCLICK_ID%5D","userId":"","dealType":"Offer","dealCode":""},{"dealId":"174b91c11f464897a0a3f9da1a711bd3","thumbnailURL":"http://dzh2xn6ml8v5t.cloudfront.net/thumb/store/25.jpg","brandAndCategory":"Snapdeal - All","dealTitle":"Mens Fashion Sale: Flat 40% To 70% OFF (Clothing, Footwear u0026 Accessories)","dealExpiaryDate":"2016-06-19","dealLink":"http://www.s2d6.com/x/?xu003dcu0026zu003dsu0026vu003d6368638u0026ku003d[NETWORKID]u0026tu003dhttp%3A%2F%2Fwww.snapdeal.com%2Foffers%2Fclearance-sale%3Futm_source%3Daff_prog%26utm_campaign%3Dafts%26offer_id%3D17%26aff_id%3D12865%26aff_sub%3D69685%26aff_sub2%3D%5BCLICK_ID%5D","userId":"","dealType":"Offer","dealCode":""},{"dealId":"1b32720406fb5292bcefcb32decabe42","thumbnailURL":"http://dzh2xn6ml8v5t.cloudfront.net/thumb/store/25.jpg","brandAndCategory":"Snapdeal - All","dealTitle":"Up TO 70% OFF On Beauty Products","dealExpiaryDate":"2016-06-19","dealLink":"http://www.s2d6.com/x/?xu003dcu0026zu003dsu0026vu003d6368638u0026ku003d[NETWORKID]u0026tu003dhttp%3A%2F%2Fwww.snapdeal.com%2Foffers%2Fbrands-beauty%3Futm_source%3Daff_prog%26utm_campaign%3Dafts%26offer_id%3D17%26aff_id%3D12865%26aff_sub%3D69685%26aff_sub2%3D%5BCLICK_ID%5D","userId":"","dealType":"Offer","dealCode":""},{"dealId":"250365020d6edced712e54aea2a8e402","thumbnailURL":"http://dzh2xn6ml8v5t.cloudfront.net/thumb/store/25.jpg","brandAndCategory":"Snapdeal - All","dealTitle":"Get Branded Smartphones Between Rs.4000 - Rs.9000","dealExpiaryDate":"2016-06-30","dealLink":"http://www.s2d6.com/x/?xu003dcu0026zu003dsu0026vu003d6368638u0026ku003d[NETWORKID]u0026tu003dhttp%3A%2F%2Fwww.snapdeal.com%2Fproducts%2Fmobiles-mobile-phones%3Fq%3DPrice%253A4000%252C8999%257C%26utm_source%3Daff_prog%26utm_campaign%3Dafts%26offer_id%3D17%26aff_id%3D12865%26aff_sub%3D69685%26aff_sub2%3D%5BCLICK_ID%5D","userId":"","dealType":"Offer","dealCode":""},{"dealId":"2592a0d48e94eaec62f32d4a507b951a","thumbnailURL":"http://dzh2xn6ml8v5t.cloudfront.net/thumb/store/25.jpg","brandAndCategory":"Snapdeal - Fashion and Accessories","dealTitle":"Beats On A Budget - Get Computer Speakers By Intex Below Rs.1499","dealExpiaryDate":"2016-06-26","dealLink":"http://www.s2d6.com/x/?xu003dcu0026zu003dsu0026vu003d6368638u0026ku003d[NETWORKID]u0026tu003dhttp%3A%2F%2Fwww.snapdeal.com%2Fproducts%2Fcomputers-speakers%3Fbr_campaign%3DNL_20160527_92373%26q%3DBrand%253AIntex%257CPrice%253A319%252C1499%257C%26sort%3Dplrty%26aff_id%3D3122%26utm_source%3Daff_prog%26utm_campaign%3Dafts%26offer_id%3D17%26aff_id%3D12865%26aff_sub%3D69685%26aff_sub2%3D%5BCLICK_ID%5D","userId":"","dealType":"Offer","dealCode":""},{"dealId":"2aaac90ab6a59cb14df79b4a2ad0c4fd","thumbnailURL":"http://dzh2xn6ml8v5t.cloudfront.net/thumb/store/25.jpg","brandAndCategory":"Snapdeal - All","dealTitle":"Get Upto 22% OFF On OPPO Smartphones","dealExpiaryDate":"2016-06-19","dealLink":"http://www.s2d6.com/x/?xu003dcu0026zu003dsu0026vu003d6368638u0026ku003d[NETWORKID]u0026tu003dhttp%3A%2F%2Fwww.snapdeal.com%2Fsearch%3Fkeyword%3Doppo%2520mobiles%26santizedKeyword%3D%26catId%3D%26categoryId%3D0%26suggested%3Dtrue%26vertical%3D%26noOfResults%3D48%26clickSrc%3Dsuggested%26lastKeyword%3D%26prodCatId%3D%26changeBackToAll%3Dfalse%26foundInAll%3Dfalse%26categoryIdSearched%3D%26cityPageUrl%3D%26url%3D%26utmContent%3D%26dealDetail%3D%26sort%3Drlvncy%26utm_source%3Daff_prog%26utm_campaign%3Dafts%26offer_id%3D17%26aff_id%3D2182%26aff_sub%3Doppophoneoffer%26utm_source%3Daff_prog%26utm_campaign%3Dafts%26offer_id%3D17%26aff_id%3D12865%26aff_sub%3D69685%26aff_sub2%3D%5BCLICK_ID%5D","userId":"","dealType":"Offer","dealCode":""},{"dealId":"2cccb5f5e4e9c40d1a2703da24019312","thumbnailURL":"http://dzh2xn6ml8v5t.cloudfront.net/thumb/store/25.jpg","brandAndCategory":"Snapdeal - All","dealTitle":"Get Branded Smartphones Between Rs.4000 - Rs.9000","dealExpiaryDate":"2016-06-19","dealLink":"http://www.s2d6.com/x/?xu003dcu0026zu003dsu0026vu003d6368638u0026ku003d[NETWORKID]u0026tu003dhttp%3A%2F%2Fwww.snapdeal.com%2Fproducts%2Fmobiles-mobile-phones%3Fq%3DPrice%253A4000%252C8999%257C%26utm_source%3Daff_prog%26utm_campaign%3Dafts%26offer_id%3D17%26aff_id%3D12865%26aff_sub%3D69685%26aff_sub2%3D%5BCLICK_ID%5D","userId":"","dealType":"Offer","dealCode":""},{"dealId":"2d65702843fc6216331981a23199bd17","thumbnailURL":"http://dzh2xn6ml8v5t.cloudfront.net/thumb/store/25.jpg","brandAndCategory":"Snapdeal - All","dealTitle":"The Wedding Store - Up To 50% Off On Wedding Collection","dealExpiaryDate":"2016-06-30","dealLink":"http://www.s2d6.com/x/?xu003dcu0026zu003dsu0026vu003d6368638u0026ku003d[NETWORKID]u0026tu003dhttp%3A%2F%2Fwww.snapdeal.com%2Foffers%2Fwedding-store-groom%3Futm_source%3Daff_prog%26utm_campaign%3Dafts%26offer_id%3D17%26aff_id%3D12865%26aff_sub%3D69685%26aff_sub2%3D%5BCLICK_ID%5D","userId":"","dealType":"Offer","dealCode":""},{"dealId":"303319ad37ad08bfdbf0c63d730bd147","thumbnailURL":"http://dzh2xn6ml8v5t.cloudfront.net/thumb/store/25.jpg","brandAndCategory":"Snapdeal - Fashion and Accessories","dealTitle":"Flat 18% OFF on Infocus M370i 4G Smartphones (8GB)","dealExpiaryDate":"2016-06-26","dealLink":"http://www.s2d6.com/x/?xu003dcu0026zu003dsu0026vu003d6368638u0026ku003d[NETWORKID]u0026tu003dhttp%3A%2F%2Fwww.snapdeal.com%2Fsearch%3Fkeyword%3Dinfocus%2520m370i%26santizedKeyword%3D%26catId%3D%26categoryId%3D0%26suggested%3Dtrue%26vertical%3Dp%26noOfResults%3D48%26clickSrc%3Dsuggested%26lastKeyword%3D%26prodCatId%3D%26changeBackToAll%3Dfalse%26foundInAll%3Dfalse%26categoryIdSearched%3D%26cityPageUrl%3D%26categoryUrl%3Dmobiles-mobile-phones%26url%3D%26utmContent%3D%26dealDetail%3D%26sort%3Drlvncy%26utm_source%3Daff_prog%26utm_campaign%3Dafts%26offer_id%3D17%26aff_id%3D12865%26aff_sub%3D69685%26aff_sub2%3D%5BCLICK_ID%5D","userId":"","dealType":"Offer","dealCode":""},{"dealId":"355bd760fd070da1e24a18c4388c7789","thumbnailURL":"http://dzh2xn6ml8v5t.cloudfront.net/thumb/store/25.jpg","brandAndCategory":"Snapdeal - All","dealTitle":"Kitchenware u0026 Appliance – Upto 70% Off On Everything For Your Kitchen","dealExpiaryDate":"2016-06-26","dealLink":"http://www.s2d6.com/x/?xu003dcu0026zu003dsu0026vu003d6368638u0026ku003d[NETWORKID]u0026tu003dhttp%3A%2F%2Fwww.snapdeal.com%2Foffers%2Fkitchen-essentials%3Futm_source%3Daff_prog%26utm_campaign%3Dafts%26offer_id%3D17%26aff_id%3D12865%26aff_sub%3D69685%26aff_sub2%3D%5BCLICK_ID%5D","userId":"","dealType":"Offer","dealCode":""},{"dealId":"362a31eacc11324bf8c8429cdf496e1e","thumbnailURL":"http://dzh2xn6ml8v5t.cloudfront.net/thumb/store/25.jpg","brandAndCategory":"Snapdeal - All","dealTitle":"Big-Brand Theory - Up To 60% Off On Women’s Clothing By UCB","dealExpiaryDate":"2016-06-30","dealLink":"http://www.s2d6.com/x/?xu003dcu0026zu003dsu0026vu003d6368638u0026ku003d[NETWORKID]u0026tu003dhttp%3A%2F%2Fwww.snapdeal.com%2Fbrand%2Funited-colors-of-benetton%2Fwomen-apparel%3Fsort%3Dplrty%26utm_source%3Daff_prog%26utm_campaign%3Dafts%26offer_id%3D17%26aff_id%3D12865%26aff_sub%3D69685%26aff_sub2%3D%5BCLICK_ID%5D","userId":"","dealType":"Offer","dealCode":""},{"dealId":"3d50c80bfb94a195629000776bcc81b9","thumbnailURL":"http://dzh2xn6ml8v5t.cloudfront.net/thumb/store/25.jpg","brandAndCategory":"Snapdeal - All","dealTitle":"Mobile Accessories Mela Starting At Rs.99","dealExpiaryDate":"2016-06-30","dealLink":"http://www.s2d6.com/x/?xu003dcu0026zu003dsu0026vu003d6368638u0026ku003d[NETWORKID]u0026tu003dhttp%3A%2F%2Fwww.snapdeal.com%2Foffers%2Fregular-mobile-acc%3Futm_source%3Daff_prog%26utm_campaign%3Dafts%26offer_id%3D17%26aff_id%3D12865%26aff_sub%3D69685%26aff_sub2%3D%5BCLICK_ID%5D","userId":"","dealType":"Offer","dealCode":""},{"dealId":"418660c4b78a2a4cc5c69f5f562f97ef","thumbnailURL":"http://dzh2xn6ml8v5t.cloudfront.net/thumb/store/25.jpg","brandAndCategory":"Snapdeal - Fashion and Accessories","dealTitle":"Recharge u0026 Get Free 100 MB 3G Data","dealExpiaryDate":"2016-06-26","dealLink":"http://www.s2d6.com/x/?xu003dcu0026zu003dsu0026vu003d6368638u0026ku003d[NETWORKID]u0026tu003dhttp%3A%2F%2Fwww.snapdeal.com%2Foffers%2Fdatalifeline%3Futm_source%3Daff_prog%26utm_campaign%3Dafts%26offer_id%3D17%26aff_id%3D12865%26aff_sub%3D69685%26aff_sub2%3D%5BCLICK_ID%5D","userId":"","dealType":"Offer","dealCode":""},{"dealId":"41e2c69806b70fab4f1ec2a57c06f61c","thumbnailURL":"http://dzh2xn6ml8v5t.cloudfront.net/thumb/store/25.jpg","brandAndCategory":"Snapdeal - All","dealTitle":"Get Minimum 50% Off On Fashion Accessories","dealExpiaryDate":"2016-06-30","dealLink":"http://www.s2d6.com/x/?xu003dcu0026zu003dsu0026vu003d6368638u0026ku003d[NETWORKID]u0026tu003dhttp%3A%2F%2Fwww.snapdeal.com%2Fproducts%2Ffashion%3Fq%3Ddiscount%253A50%2520-%252060%255E60%2520-%252070%255E70%2520-%252080%257CPrice%253A110%252C2000%257C%26sort%3Dplrty%26utm_source%3Daff_prog%26utm_campaign%3Dafts%26offer_id%3D17%26aff_id%3D12865%26aff_sub%3D69685%26aff_sub2%3D%5BCLICK_ID%5D","userId":"","dealType":"Offer","dealCode":""},{"dealId":"429ee7e855b2c1eb846707369bb079f1","thumbnailURL":"http://dzh2xn6ml8v5t.cloudfront.net/thumb/store/25.jpg","brandAndCategory":"Snapdeal - All","dealTitle":"Minimum 50% u0026 More Off On Men Clothing","dealExpiaryDate":"2016-06-30","dealLink":"http://www.s2d6.com/x/?xu003dcu0026zu003dsu0026vu003d6368638u0026ku003d[NETWORKID]u0026tu003dhttp%3A%2F%2Fwww.snapdeal.com%2Fproducts%2Fmen-apparel%3Fsort%3Dplrty%26q%3DBrand%253AJohn%2520Players%255EWills%2520Lifestyle%257C%26utm_source%3Daff_prog%26utm_campaign%3Dafts%26offer_id%3D17%26aff_id%3D12865%26aff_sub%3D69685%26aff_sub2%3D%5BCLICK_ID%5D","userId":"","dealType":"Offer","dealCode":""},{"dealId":"445d8aa43d5f50f881f83cdea33388d0","thumbnailURL":"http://dzh2xn6ml8v5t.cloudfront.net/thumb/store/25.jpg","brandAndCategory":"Snapdeal - All","dealTitle":"Get Electronic Toys Below Rs.999 At Snapdeal","dealExpiaryDate":"2016-06-19","dealLink":"http://www.s2d6.com/x/?xu003dcu0026zu003dsu0026vu003d6368638u0026ku003d[NETWORKID]u0026tu003dhttp%3A%2F%2Fwww.snapdeal.com%2Fproducts%2Fkids-toys%3Fsort%3Dplrty%26q%3DPrice%253A60%252C999%257C%26utm_source%3Daff_prog%26utm_campaign%3Dafts%26offer_id%3D17%26aff_id%3D12865%26aff_sub%3D69685%26aff_sub2%3D%5BCLICK_ID%5D","userId":"","dealType":"Offer","dealCode":""},{"dealId":"4514ff9dc215191681bb61387459a279","thumbnailURL":"http://dzh2xn6ml8v5t.cloudfront.net/thumb/store/25.jpg","brandAndCategory":"Snapdeal - All","dealTitle":"Best Sellers – Upto 60% Off Offers On Best Selling Products","dealExpiaryDate":"2016-06-30","dealLink":"http://www.s2d6.com/x/?xu003dcu0026zu003dsu0026vu003d6368638u0026ku003d[NETWORKID]u0026tu003dhttp%3A%2F%2Fwww.snapdeal.com%2Foffers%2Fbestsellers%3Futm_source%3Daff_prog%26utm_campaign%3Dafts%26offer_id%3D17%26aff_id%3D12865%26aff_sub%3D69685%26aff_sub2%3D%5BCLICK_ID%5D","userId":"","dealType":"Offer","dealCode":""},{"dealId":"45678df5e6a50924a18f7fcff46ac9c5","thumbnailURL":"http://dzh2xn6ml8v5t.cloudfront.net/thumb/store/25.jpg","brandAndCategory":"Snapdeal - Fashion and Accessories","dealTitle":"Snapdeal Daily Deals: New Deals Every Hour","dealExpiaryDate":"2016-06-26","dealLink":"http://www.s2d6.com/x/?xu003dcu0026zu003dsu0026vu003d6368638u0026ku003d[NETWORKID]u0026tu003dhttp%3A%2F%2Fwww.snapdeal.com%2Fsearch%3Fkeyword%3Ddaily%2520deal%26santizedKeyword%3Dsamsung%2Bj%2Bseries%2Bmobile%26catId%3D0%26categoryId%3D0%26suggested%3Dtrue%26vertical%3Dp%26noOfResults%3D48%26clickSrc%3Dsuggested%26lastKeyword%3D%26prodCatId%3D%26changeBackToAll%3Dfalse%26foundInAll%3Dfalse%26categoryIdSearched%3D%26cityPageUrl%3D%26categoryUrl%3D%26url%3D%26utmContent%3D%26dealDetail%3D%26sort%3Drlvncy%26utm_source%3Daff_prog%26utm_campaign%3Dafts%26offer_id%3D17%26aff_id%3D12865%26aff_sub%3D69685%26aff_sub2%3D%5BCLICK_ID%5D","userId":"","dealType":"Offer","dealCode":""},{"dealId":"478410009cb98499fc989ac2b4fea9cf","thumbnailURL":"http://dzh2xn6ml8v5t.cloudfront.net/thumb/store/25.jpg","brandAndCategory":"Snapdeal - All","dealTitle":"Daily Needs Store – Upto 50% Off On Daily Essentials","dealExpiaryDate":"2016-06-30","dealLink":"http://www.s2d6.com/x/?xu003dcu0026zu003dsu0026vu003d6368638u0026ku003d[NETWORKID]u0026tu003dhttp%3A%2F%2Fwww.snapdeal.com%2Foffers%2Ffmcg-daily-need-store%3Futm_source%3Daff_prog%26utm_campaign%3Dafts%26offer_id%3D17%26aff_id%3D12865%26aff_sub%3D69685%26aff_sub2%3D%5BCLICK_ID%5D","userId":"","dealType":"Offer","dealCode":""},{"dealId":"4b8a81b4a25079ec633a4426c9e055b2","thumbnailURL":"http://dzh2xn6ml8v5t.cloudfront.net/thumb/store/25.jpg","brandAndCategory":"Snapdeal - All","dealTitle":"Get 30% - 80% Off On Popular Accessories","dealExpiaryDate":"2016-06-30","dealLink":"http://www.s2d6.com/x/?xu003dcu0026zu003dsu0026vu003d6368638u0026ku003d[NETWORKID]u0026tu003dhttp%3A%2F%2Fwww.snapdeal.com%2Fproducts%2Ffashion-men%3Fq%3DBrand%253AAASHIRWAD%2520CRAFT%255EAlvaro%2520Castagnino%255ECivil%2520Outfitters%255EClassique%255EELLIS%255ELee%2520Italian%255ESORELLA%2527Z%255ETiekart%257Cdiscount%253A40%2520-%252050%255E50%2520-%252060%255E60%2520-%252070%255E70%2520-%252080%257C%26sort%3Ddhtl%26utm_source%3Daff_prog%26utm_campaign%3Dafts%26offer_id%3D17%26aff_id%3D12865%26aff_sub%3D69685%26aff_sub2%3D%5BCLICK_ID%5D","userId":"","dealType":"Offer","dealCode":""},{"dealId":"4c8acec10d32ef6a73e6f2f6ec7a4ed9","thumbnailURL":"http://dzh2xn6ml8v5t.cloudfront.net/thumb/store/25.jpg","brandAndCategory":"Snapdeal - Fashion and Accessories","dealTitle":"Upto 10% OFF on iPhone 6s u0026 6s plus","dealExpiaryDate":"2016-06-26","dealLink":"http://www.s2d6.com/x/?xu003dcu0026zu003dsu0026vu003d6368638u0026ku003d[NETWORKID]u0026tu003dhttp%3A%2F%2Fwww.snapdeal.com%2Fsearch%3Fkeyword%3Diphone%25206s%2520plus%26santizedKeyword%3D%26catId%3D%26categoryId%3D0%26suggested%3Dtrue%26vertical%3D%26noOfResults%3D48%26clickSrc%3Dsuggested%26lastKeyword%3D%26prodCatId%3D%26changeBackToAll%3Dfalse%26foundInAll%3Dfalse%26categoryIdSearched%3D%26cityPageUrl%3D%26categoryUrl%3D%26url%3D%26utmContent%3D%26dealDetail%3D%26sort%3Drlvncy%26utm_source%3Daff_prog%26utm_campaign%3Dafts%26offer_id%3D17%26aff_id%3D12865%26aff_sub%3D69685%26aff_sub2%3D%5BCLICK_ID%5D","userId":"","dealType":"Offer","dealCode":""},{"dealId":"5069b38eaf826302ba0fedffe82bacce","thumbnailURL":"http://dzh2xn6ml8v5t.cloudfront.net/thumb/store/25.jpg","brandAndCategory":"Snapdeal - Fashion and Accessories","dealTitle":"Flat 60% OFF On Men Shirts","dealExpiaryDate":"2016-06-26","dealLink":"http://www.s2d6.com/x/?xu003dcu0026zu003dsu0026vu003d6368638u0026ku003d[NETWORKID]u0026tu003dhttp%3A%2F%2Fwww.snapdeal.com%2Fproducts%2Fmen-apparel-shirts%3Fq%3DPrice%253A475%252C11105%257Cdiscount%253A60%2520-%252070%257C%26sort%3Dplrty%26utm_source%3Daff_prog%26utm_campaign%3Dafts%26offer_id%3D17%26aff_id%3D12865%26aff_sub%3D69685%26aff_sub2%3D%5BCLICK_ID%5D","userId":"","dealType":"Offer","dealCode":""},{"dealId":"52e3640cf9526e5106d24ead46a9edf6","thumbnailURL":"http://dzh2xn6ml8v5t.cloudfront.net/thumb/store/25.jpg","brandAndCategory":"Snapdeal - All","dealTitle":"Fashion Frenzy For  All","dealExpiaryDate":"2016-06-30","dealLink":"http://www.s2d6.com/x/?xu003dcu0026zu003dsu0026vu003d6368638u0026ku003d[NETWORKID]u0026tu003dhttp%3A%2F%2Fwww.snapdeal.com%2Foffers%2Ffashion-sale%3Futm_source%3Daff_prog%26utm_campaign%3Dafts%26offer_id%3D17%26aff_id%3D12865%26aff_sub%3D69685%26aff_sub2%3D%5BCLICK_ID%5D","userId":"","dealType":"Offer","dealCode":""},{"dealId":"56e95ac35ccfbcc9a580a746396cae84","thumbnailURL":"http://dzh2xn6ml8v5t.cloudfront.net/thumb/store/25.jpg","brandAndCategory":"Snapdeal - All","dealTitle":"Mid Season Fashion Sale – Upto 60% Off On Women, Men u0026 Kids Fashion Products","dealExpiaryDate":"2016-06-26","dealLink":"http://www.s2d6.com/x/?xu003dcu0026zu003dsu0026vu003d6368638u0026ku003d[NETWORKID]u0026tu003dhttp%3A%2F%2Fwww.snapdeal.com%2Foffers%2Ffashion-sale%3Futm_source%3Daff_prog%26utm_campaign%3Dafts%26offer_id%3D17%26aff_id%3D12865%26aff_sub%3D69685%26aff_sub2%3D%5BCLICK_ID%5D","userId":"","dealType":"Offer","dealCode":""},{"dealId":"587b898f2d60142f88a7aafda646c53a","thumbnailURL":"http://dzh2xn6ml8v5t.cloudfront.net/thumb/store/25.jpg","brandAndCategory":"Snapdeal - All","dealTitle":"Men Footwear – Flat 30% – 80% Off On Wide Range Of Men Footwear","dealExpiaryDate":"2016-06-26","dealLink":"http://www.s2d6.com/x/?xu003dcu0026zu003dsu0026vu003d6368638u0026ku003d[NETWORKID]u0026tu003dhttp%3A%2F%2Fwww.snapdeal.com%2Fproducts%2Fmens-footwear%3Futm_source%3Daff_prog%26utm_campaign%3Dafts%26offer_id%3D17%26aff_id%3D12865%26aff_sub%3D69685%26aff_sub2%3D%5BCLICK_ID%5D","userId":"","dealType":"Offer","dealCode":""},{"dealId":"59641a6672e0d71b78365689705511c4","thumbnailURL":"http://dzh2xn6ml8v5t.cloudfront.net/thumb/store/25.jpg","brandAndCategory":"Snapdeal - All","dealTitle":"Sale - Up To 30% Off On Branded LED Televisions","dealExpiaryDate":"2016-06-19","dealLink":"http://www.s2d6.com/x/?xu003dcu0026zu003dsu0026vu003d6368638u0026ku003d[NETWORKID]u0026tu003dhttp%3A%2F%2Fwww.snapdeal.com%2Fproducts%2Felectronic-tv-accessories%3Futm_source%3Daff_prog%26utm_campaign%3Dafts%26offer_id%3D17%26aff_id%3D12865%26aff_sub%3D69685%26aff_sub2%3D%5BCLICK_ID%5D","userId":"","dealType":"Offer","dealCode":""},{"dealId":"5e8d2c52839ded1387c74e1404c032f2","thumbnailURL":"http://dzh2xn6ml8v5t.cloudfront.net/thumb/store/25.jpg","brandAndCategory":"Snapdeal - All","dealTitle":"Fashion Frenzy For  All","dealExpiaryDate":"2016-06-19","dealLink":"http://www.s2d6.com/x/?xu003dcu0026zu003dsu0026vu003d6368638u0026ku003d[NETWORKID]u0026tu003dhttp%3A%2F%2Fwww.snapdeal.com%2Foffers%2Ffashion-sale%3Futm_source%3Daff_prog%26utm_campaign%3Dafts%26offer_id%3D17%26aff_id%3D12865%26aff_sub%3D69685%26aff_sub2%3D%5BCLICK_ID%5D","userId":"","dealType":"Offer","dealCode":""},{"dealId":"5f06e90c97bb9ca1c21f43d189518bc0","thumbnailURL":"http://dzh2xn6ml8v5t.cloudfront.net/thumb/store/25.jpg","brandAndCategory":"Snapdeal - All","dealTitle":"Upto 50% + Extra 5% OFF on Electronic Products","dealExpiaryDate":"2016-06-19","dealLink":"http://www.s2d6.com/x/?xu003dcu0026zu003dsu0026vu003d6368638u0026ku003d[NETWORKID]u0026tu003dhttp%3A%2F%2Fwww.snapdeal.com%2Foffers%2Felectronics-mall%3FMID%3D42391%7Cweb%7Cplatinum%7C2%7C%7CElectronicsMall%7C%26utm_source%3Daff_prog%26utm_campaign%3Dafts%26offer_id%3D17%26aff_id%3D12865%26aff_sub%3D69685%26aff_sub2%3D%5BCLICK_ID%5D","userId":"","dealType":"Offer","dealCode":""},{"dealId":"628d3e3f16a28ae3a173193c5a2eacbd","thumbnailURL":"http://dzh2xn6ml8v5t.cloudfront.net/thumb/store/25.jpg","brandAndCategory":"Snapdeal - Fashion and Accessories","dealTitle":"Deal Of Day - Up To 80% Off On Various Categories","dealExpiaryDate":"2016-06-19","dealLink":"http://www.s2d6.com/x/?xu003dcu0026zu003dsu0026vu003d6368638u0026ku003d[NETWORKID]u0026tu003dhttp%3A%2F%2Fwww.snapdeal.com%2Foffers%2Fdeal-of-the-day%3Futm_source%3Daff_prog%26utm_campaign%3Dafts%26offer_id%3D17%26aff_id%3D12865%26aff_sub%3D69685%26aff_sub2%3D%5BCLICK_ID%5D","userId":"","dealType":"Offer","dealCode":""},{"dealId":"692f7f797eeb4f18eab89e04c6263043","thumbnailURL":"http://dzh2xn6ml8v5t.cloudfront.net/thumb/store/25.jpg","brandAndCategory":"Snapdeal - All","dealTitle":"Big-Brand Theory - Up To 60% Off On Womens Clothing By Vero Moda","dealExpiaryDate":"2016-06-30","dealLink":"http://www.s2d6.com/x/?xu003dcu0026zu003dsu0026vu003d6368638u0026ku003d[NETWORKID]u0026tu003dhttp%3A%2F%2Fwww.snapdeal.com%2Fbrand%2Fvero-moda%2Fwomen-apparel%3Fsort%3Dplrty%26utm_source%3Daff_prog%26utm_campaign%3Dafts%26offer_id%3D17%26aff_id%3D12865%26aff_sub%3D69685%26aff_sub2%3D%5BCLICK_ID%5D","userId":"","dealType":"Offer","dealCode":""},{"dealId":"6a7d71b0c24d538958b55366da84f263","thumbnailURL":"http://dzh2xn6ml8v5t.cloudfront.net/thumb/store/25.jpg","brandAndCategory":"Snapdeal - All","dealTitle":"Up To 90% Off On Fashion Jewellery","dealExpiaryDate":"2016-06-19","dealLink":"http://www.s2d6.com/x/?xu003dcu0026zu003dsu0026vu003d6368638u0026ku003d[NETWORKID]u0026tu003dhttp%3A%2F%2Fwww.snapdeal.com%2Fproducts%2Fjewelry%3Futm_source%3Daff_prog%26utm_campaign%3Dafts%26offer_id%3D17%26aff_id%3D12865%26aff_sub%3D69685%26aff_sub2%3D%5BCLICK_ID%5D","userId":"","dealType":"Offer","dealCode":""},{"dealId":"6aed549354492c9491798c8be9127e45","thumbnailURL":"http://dzh2xn6ml8v5t.cloudfront.net/thumb/store/25.jpg","brandAndCategory":"Snapdeal - All","dealTitle":"Get Frocks u0026 Dresses Below Rs.499","dealExpiaryDate":"2016-06-19","dealLink":"http://www.s2d6.com/x/?xu003dcu0026zu003dsu0026vu003d6368638u0026ku003d[NETWORKID]u0026tu003dhttp%3A%2F%2Fwww.snapdeal.com%2Fproducts%2Fgirls-clothing-frocks%3Fsort%3Dplth%26q%3DWearability_s%253ACasual%2520Wear%257Cdiscount%253A50%2520-%252060%255E60%2520-%252070%255E70%2520-%252080%255E80%2520-%252090%257CPrice%253A175%252C499%257C%26utm_source%3Daff_prog%26utm_campaign%3Dafts%26offer_id%3D17%26aff_id%3D12865%26aff_sub%3D69685%26aff_sub2%3D%5BCLICK_ID%5D","userId":"","dealType":"Offer","dealCode":""},{"dealId":"6ba183300fad74435d90b01845f2b97b","thumbnailURL":"http://dzh2xn6ml8v5t.cloudfront.net/thumb/store/25.jpg","brandAndCategory":"Snapdeal - All","dealTitle":"2016 Fashion Sale – Flat 50% To 70% Off On Clothing, Footwear u0026 Accessories","dealExpiaryDate":"2016-06-30","dealLink":"http://www.s2d6.com/x/?xu003dcu0026zu003dsu0026vu003d6368638u0026ku003d[NETWORKID]u0026tu003dhttp%3A%2F%2Fwww.snapdeal.com%2Foffers%2Fend-of-season-sale%3Futm_source%3Daff_prog%26utm_campaign%3Dafts%26offer_id%3D17%26aff_id%3D12865%26aff_sub%3D69685%26aff_sub2%3D%5BCLICK_ID%5D","userId":"","dealType":"Offer","dealCode":""},{"dealId":"6fd16dfa31d9d3ecd31013d1eb35b24c","thumbnailURL":"http://dzh2xn6ml8v5t.cloudfront.net/thumb/store/25.jpg","brandAndCategory":"Snapdeal - All","dealTitle":"Get Frocks u0026 Dresses Below Rs.499","dealExpiaryDate":"2016-06-30","dealLink":"http://www.s2d6.com/x/?xu003dcu0026zu003dsu0026vu003d6368638u0026ku003d[NETWORKID]u0026tu003dhttp%3A%2F%2Fwww.snapdeal.com%2Fproducts%2Fgirls-clothing-frocks%3Fsort%3Dplth%26q%3DWearability_s%253ACasual%2520Wear%257Cdiscount%253A50%2520-%252060%255E60%2520-%252070%255E70%2520-%252080%255E80%2520-%252090%257CPrice%253A175%252C499%257C%26utm_source%3Daff_prog%26utm_campaign%3Dafts%26offer_id%3D17%26aff_id%3D12865%26aff_sub%3D69685%26aff_sub2%3D%5BCLICK_ID%5D","userId":"","dealType":"Offer","dealCode":""},{"dealId":"759b32cdc9855412339ac7f7db534903","thumbnailURL":"http://dzh2xn6ml8v5t.cloudfront.net/thumb/store/25.jpg","brandAndCategory":"Snapdeal - All","dealTitle":"Get Smartphones Under Rs.4000","dealExpiaryDate":"2016-06-19","dealLink":"http://www.s2d6.com/x/?xu003dcu0026zu003dsu0026vu003d6368638u0026ku003d[NETWORKID]u0026tu003dhttp%3A%2F%2Fwww.snapdeal.com%2Fproducts%2Fmobiles-mobile-phones%3Fq%3DPrice%253A1500%252C3999%257C%26sort%3Dplrty%26utm_source%3Daff_prog%26utm_campaign%3Dafts%26offer_id%3D17%26aff_id%3D12865%26aff_sub%3D69685%26aff_sub2%3D%5BCLICK_ID%5D","userId":"","dealType":"Offer","dealCode":""},{"dealId":"7739d66b79be87123cecb29c7cdfbbac","thumbnailURL":"http://dzh2xn6ml8v5t.cloudfront.net/thumb/store/25.jpg","brandAndCategory":"Snapdeal - All","dealTitle":"Sale - Up To 40% Off On Tools, Electrical, Bath Accessories u0026 More","dealExpiaryDate":"2016-06-19","dealLink":"http://www.s2d6.com/x/?xu003dcu0026zu003dsu0026vu003d6368638u0026ku003d[NETWORKID]u0026tu003dhttp%3A%2F%2Fwww.snapdeal.com%2Foffers%2Fappliances-summer-sale%3Futm_source%3Daff_prog%26utm_campaign%3Dafts%26offer_id%3D17%26aff_id%3D12865%26aff_sub%3D69685%26aff_sub2%3D%5BCLICK_ID%5D","userId":"","dealType":"Offer","dealCode":""},{"dealId":"7772ea62ccfed2f965175ddd69028e2b","thumbnailURL":"http://dzh2xn6ml8v5t.cloudfront.net/thumb/store/25.jpg","brandAndCategory":"Snapdeal - Fashion and Accessories","dealTitle":"Upto 10% OFF on Samsung J Series Smartphones","dealExpiaryDate":"2016-06-26","dealLink":"http://www.s2d6.com/x/?xu003dcu0026zu003dsu0026vu003d6368638u0026ku003d[NETWORKID]u0026tu003dhttp%3A%2F%2Fwww.snapdeal.com%2Fsearch%3Fkeyword%3Dsamsung%2520j%2520series%2520mobile%26santizedKeyword%3D%26catId%3D0%26categoryId%3D0%26suggested%3Dtrue%26vertical%3Dp%26noOfResults%3D48%26clickSrc%3Dsuggested%26lastKeyword%3D%26prodCatId%3D%26changeBackToAll%3Dfalse%26foundInAll%3Dfalse%26categoryIdSearched%3D%26cityPageUrl%3D%26categoryUrl%3D%26url%3D%26utmContent%3D%26dealDetail%3D%26sort%3Drlvncy%26utm_source%3Daff_prog%26utm_campaign%3Dafts%26offer_id%3D17%26aff_id%3D12865%26aff_sub%3D69685%26aff_sub2%3D%5BCLICK_ID%5D","userId":"","dealType":"Offer","dealCode":""},{"dealId":"78b028eb48843fef0392530e7b888c80","thumbnailURL":"http://dzh2xn6ml8v5t.cloudfront.net/thumb/store/25.jpg","brandAndCategory":"Snapdeal - Fashion and Accessories","dealTitle":"Upto 64% OFF + Extra Rs.500 OFF on Kitchen Appliances","dealExpiaryDate":"2016-06-26","dealLink":"http://www.s2d6.com/x/?xu003dcu0026zu003dsu0026vu003d6368638u0026ku003d[NETWORKID]u0026tu003dhttp%3A%2F%2Fwww.snapdeal.com%2Fsearch%3Fkeyword%3Dkitchen%2520appliances%26santizedKeyword%3Dsamsung%2Bj%2Bseries%2Bmobile%26catId%3D0%26categoryId%3D0%26suggested%3Dtrue%26vertical%3Dp%26noOfResults%3D48%26clickSrc%3Dsuggested%26lastKeyword%3D%26prodCatId%3D%26changeBackToAll%3Dfalse%26foundInAll%3Dfalse%26categoryIdSearched%3D%26cityPageUrl%3D%26categoryUrl%3Dappliances-kitchen%26url%3D%26utmContent%3D%26dealDetail%3D%26sort%3Drlvncy%26utm_source%3Daff_prog%26utm_campaign%3Dafts%26offer_id%3D17%26aff_id%3D12865%26aff_sub%3D69685%26aff_sub2%3D%5BCLICK_ID%5D","userId":"","dealType":"Offer","dealCode":""},{"dealId":"8907f33ebcf537623239f679b0614ec4","thumbnailURL":"http://dzh2xn6ml8v5t.cloudfront.net/thumb/store/25.jpg","brandAndCategory":"Snapdeal - All","dealTitle":"Mobile Accessories Mela Starting At Rs.99","dealExpiaryDate":"2016-06-19","dealLink":"http://www.s2d6.com/x/?xu003dcu0026zu003dsu0026vu003d6368638u0026ku003d[NETWORKID]u0026tu003dhttp%3A%2F%2Fwww.snapdeal.com%2Foffers%2Fregular-mobile-acc%3Futm_source%3Daff_prog%26utm_campaign%3Dafts%26offer_id%3D17%26aff_id%3D12865%26aff_sub%3D69685%26aff_sub2%3D%5BCLICK_ID%5D","userId":"","dealType":"Offer","dealCode":""},{"dealId":"8915120ea08c5be234c02b88f0b3f971","thumbnailURL":"http://dzh2xn6ml8v5t.cloudfront.net/thumb/store/25.jpg","brandAndCategory":"Snapdeal - Fashion and Accessories","dealTitle":"Flat 40 – 70% OFF on Womens Clothing, Footwear u0026 Accessories","dealExpiaryDate":"2016-06-26","dealLink":"http://www.s2d6.com/x/?xu003dcu0026zu003dsu0026vu003d6368638u0026ku003d[NETWORKID]u0026tu003dhttp%3A%2F%2Fwww.snapdeal.com%2Fproducts%2Fwomen-ethnicwear%3Futm_source%3Daff_prog%26utm_campaign%3Dafts%26offer_id%3D17%26aff_id%3D12865%26aff_sub%3D69685%26aff_sub2%3D%5BCLICK_ID%5D","userId":"","dealType":"Offer","dealCode":""},{"dealId":"8cd1ab9826eb116da13c1a67085cc87c","thumbnailURL":"http://dzh2xn6ml8v5t.cloudfront.net/thumb/store/25.jpg","brandAndCategory":"Snapdeal - All","dealTitle":"Micromax Canvas xp 4G @ ? 7,500","dealExpiaryDate":"2016-06-19","dealLink":"http://www.s2d6.com/x/?xu003dcu0026zu003dsu0026vu003d6368638u0026ku003d[NETWORKID]u0026tu003dhttp%3A%2F%2Fwww.snapdeal.com%2Fproduct%2Fmicromax-q413-plus-16gb-moondust%2F623435230894%3Futm_source%3Daff_prog%26utm_campaign%3Dafts%26offer_id%3D17%26aff_id%3D12865%26aff_sub%3D69685%26aff_sub2%3D%5BCLICK_ID%5D","userId":"","dealType":"Offer","dealCode":""},{"dealId":"8e29d697943b742c425e257f8503812d","thumbnailURL":"http://dzh2xn6ml8v5t.cloudfront.net/thumb/store/25.jpg","brandAndCategory":"Snapdeal - All","dealTitle":"Up To 65% OFF On Ethnic Wear","dealExpiaryDate":"2016-06-30","dealLink":"http://www.s2d6.com/x/?xu003dcu0026zu003dsu0026vu003d6368638u0026ku003d[NETWORKID]u0026tu003dhttp%3A%2F%2Fwww.snapdeal.com%2Fproducts%2Fwomen-apparel-kurtis%3Fq%3DBrand%253AShree%255EShakumbhari%255ELibas%257C%26sort%3Dplrty%26utm_source%3Daff_prog%26utm_campaign%3Dafts%26offer_id%3D17%26aff_id%3D12865%26aff_sub%3D69685%26aff_sub2%3D%5BCLICK_ID%5D","userId":"","dealType":"Offer","dealCode":""},{"dealId":"8e98fa4a69b880a56bd161b13fe42de2","thumbnailURL":"http://dzh2xn6ml8v5t.cloudfront.net/thumb/store/25.jpg","brandAndCategory":"Snapdeal - All","dealTitle":"Back2College Offer – Upto 60% Off On Laptops, Storage, Softwares u0026 Many More","dealExpiaryDate":"2016-06-30","dealLink":"http://www.s2d6.com/x/?xu003dcu0026zu003dsu0026vu003d6368638u0026ku003d[NETWORKID]u0026tu003dhttp%3A%2F%2Fwww.snapdeal.com%2Foffers%2Fback-to-college%3Futm_source%3Daff_prog%26utm_campaign%3Dafts%26offer_id%3D17%26aff_id%3D12865%26aff_sub%3D69685%26aff_sub2%3D%5BCLICK_ID%5D","userId":"","dealType":"Offer","dealCode":""},{"dealId":"9075cac4f4cd3f593ee36b707ba8f08c","thumbnailURL":"http://dzh2xn6ml8v5t.cloudfront.net/thumb/store/25.jpg","brandAndCategory":"Snapdeal - Fashion and Accessories","dealTitle":"Get F u0026 D, Zoook u0026 Portronics Bluetooth Speakers Below Rs.1499","dealExpiaryDate":"2016-06-26","dealLink":"http://www.s2d6.com/x/?xu003dcu0026zu003dsu0026vu003d6368638u0026ku003d[NETWORKID]u0026tu003dhttp%3A%2F%2Fwww.snapdeal.com%2Fproducts%2Felectronics-speakers%3Fbr_campaign%3DNL_20160527_92373%26q%3DPrice%253A499%252C1499%257C%26D%257C%3D%26sort%3Dplrty%26aff_id%3D3122%26utm_source%3Daff_prog%26utm_campaign%3Dafts%26offer_id%3D17%26aff_id%3D12865%26aff_sub%3D69685%26aff_sub2%3D%5BCLICK_ID%5D","userId":"","dealType":"Offer","dealCode":""},{"dealId":"92cec07f7ee18a4c1a26e363c8a31e41","thumbnailURL":"http://dzh2xn6ml8v5t.cloudfront.net/thumb/store/25.jpg","brandAndCategory":"Snapdeal - All","dealTitle":"Full On Fashion Sale - Flat 60% - 80% OFF + Extra 10% OFF (Kotak/ING)","dealExpiaryDate":"2016-06-19","dealLink":"http://www.s2d6.com/x/?xu003dcu0026zu003dsu0026vu003d6368638u0026ku003d[NETWORKID]u0026tu003dhttp%3A%2F%2Fwww.snapdeal.com%2Foffers%2Fend-of-season-sale%3Futm_source%3Daff_prog%26utm_campaign%3Dafts%26offer_id%3D17%26aff_id%3D12865%26aff_sub%3D69685%26aff_sub2%3D%5BCLICK_ID%5D","userId":"","dealType":"Offer","dealCode":""},{"dealId":"96fdee6dbda441d42a258b60fe90a454","thumbnailURL":"http://dzh2xn6ml8v5t.cloudfront.net/thumb/store/25.jpg","brandAndCategory":"Snapdeal - All","dealTitle":"Sale - Up To 40% Off On Tools, Electrical, Bath Accessories u0026 More","dealExpiaryDate":"2016-06-30","dealLink":"http://www.s2d6.com/x/?xu003dcu0026zu003dsu0026vu003d6368638u0026ku003d[NETWORKID]u0026tu003dhttp%3A%2F%2Fwww.snapdeal.com%2Foffers%2Fappliances-summer-sale%3Futm_source%3Daff_prog%26utm_campaign%3Dafts%26offer_id%3D17%26aff_id%3D12865%26aff_sub%3D69685%26aff_sub2%3D%5BCLICK_ID%5D","userId":"","dealType":"Offer","dealCode":""},{"dealId":"98a8fc310171a10fc41f0b5005ffd853","thumbnailURL":"http://dzh2xn6ml8v5t.cloudfront.net/thumb/store/25.jpg","brandAndCategory":"Snapdeal - All","dealTitle":"Get Up To 37% Off On Branded Smartphones","dealExpiaryDate":"2016-06-30","dealLink":"http://www.s2d6.com/x/?xu003dcu0026zu003dsu0026vu003d6368638u0026ku003d[NETWORKID]u0026tu003dhttp%3A%2F%2Fwww.snapdeal.com%2Foffers%2Fmobile-sale%3Futm_source%3Daff_prog%26utm_campaign%3Dafts%26offer_id%3D17%26aff_id%3D12865%26aff_sub%3D69685%26aff_sub2%3D%5BCLICK_ID%5D","userId":"","dealType":"Offer","dealCode":""},{"dealId":"99c9998cf53b579d9f29b6441dccf13d","thumbnailURL":"http://dzh2xn6ml8v5t.cloudfront.net/thumb/store/25.jpg","brandAndCategory":"Snapdeal - Fashion and Accessories","dealTitle":"Up To 98% OFF On Women Fashion","dealExpiaryDate":"2016-06-26","dealLink":"http://www.s2d6.com/x/?xu003dcu0026zu003dsu0026vu003d6368638u0026ku003d[NETWORKID]u0026tu003dhttp%3A%2F%2Fwww.snapdeal.com%2Fproducts%2Fwomen-apparel-innerwear%3Fq%3DType_s%253APanties%255EBra%255EThongs%255EBras%257Cdiscount%253A30%2520-%252040%255E40%2520-%252050%255E50%2520-%252060%255E60%2520-%252070%255E70%2520-%252080%255E80%2520-%252090%255E90%2520-%2520100%257C%26sort%3Ddhtl%26utm_source%3Daff_prog%26utm_campaign%3Dafts%26offer_id%3D17%26aff_id%3D12865%26aff_sub%3D69685%26aff_sub2%3D%5BCLICK_ID%5D","userId":"","dealType":"Offer","dealCode":""},{"dealId":"a26820d1e175b450a7acec60a2ad3e49","thumbnailURL":"http://dzh2xn6ml8v5t.cloudfront.net/thumb/store/25.jpg","brandAndCategory":"Snapdeal - Fashion and Accessories","dealTitle":"Beats On A Budget - Get Computer Speakers By F u0026 D Below Rs.2999","dealExpiaryDate":"2016-06-26","dealLink":"http://www.s2d6.com/x/?xu003dcu0026zu003dsu0026vu003d6368638u0026ku003d[NETWORKID]u0026tu003dhttp%3A%2F%2Fwww.snapdeal.com%2Fproducts%2Fcomputers-speakers%3Fbr_campaign%3DNL_20160527_92373%26sort%3Dplrty%26D%257CsdFullfilled%253ASnapdeal%257CPrice%253A339%252C2999%257C%3D%26aff_id%3D3122%26utm_source%3Daff_prog%26utm_campaign%3Dafts%26offer_id%3D17%26aff_id%3D12865%26aff_sub%3D69685%26aff_sub2%3D%5BCLICK_ID%5D","userId":"","dealType":"Offer","dealCode":""},{"dealId":"a3d4fa7c0517da84c27338b8717379a5","thumbnailURL":"http://dzh2xn6ml8v5t.cloudfront.net/thumb/store/25.jpg","brandAndCategory":"Snapdeal - All","dealTitle":"Mega Audio Sale - Up To 50% Off On Headphone, Speakers u0026 More","dealExpiaryDate":"2016-06-30","dealLink":"http://www.s2d6.com/x/?xu003dcu0026zu003dsu0026vu003d6368638u0026ku003d[NETWORKID]u0026tu003dhttp%3A%2F%2Fwww.snapdeal.com%2Foffers%2Faudio-offers%3Futm_source%3Daff_prog%26utm_campaign%3Dafts%26offer_id%3D17%26aff_id%3D12865%26aff_sub%3D69685%26aff_sub2%3D%5BCLICK_ID%5D","userId":"","dealType":"Offer","dealCode":""},{"dealId":"a4c9cbdc3401270ad5f941e6cc2dcd14","thumbnailURL":"http://dzh2xn6ml8v5t.cloudfront.net/thumb/store/25.jpg","brandAndCategory":"Snapdeal - All","dealTitle":"Womens Clothing – Minimum 50% Off On Wide Range Of Products","dealExpiaryDate":"2016-06-26","dealLink":"http://www.s2d6.com/x/?xu003dcu0026zu003dsu0026vu003d6368638u0026ku003d[NETWORKID]u0026tu003dhttp%3A%2F%2Fwww.snapdeal.com%2Fproducts%2Fwomen-apparel-dresses%3Fsort%3Dplrty%26utm_source%3Daff_prog%26utm_campaign%3Dafts%26offer_id%3D17%26aff_id%3D12865%26aff_sub%3D69685%26aff_sub2%3D%5BCLICK_ID%5D","userId":"","dealType":"Offer","dealCode":""},{"dealId":"a6fb77b7538bbbe3ce73aa1eb5772be9","thumbnailURL":"http://dzh2xn6ml8v5t.cloudfront.net/thumb/store/25.jpg","brandAndCategory":"Snapdeal - All","dealTitle":"The Wedding Store - Up To 50% Off On Wedding Collection","dealExpiaryDate":"2016-06-19","dealLink":"http://www.s2d6.com/x/?xu003dcu0026zu003dsu0026vu003d6368638u0026ku003d[NETWORKID]u0026tu003dhttp%3A%2F%2Fwww.snapdeal.com%2Foffers%2Fwedding-store-groom%3Futm_source%3Daff_prog%26utm_campaign%3Dafts%26offer_id%3D17%26aff_id%3D12865%26aff_sub%3D69685%26aff_sub2%3D%5BCLICK_ID%5D","userId":"","dealType":"Offer","dealCode":""},{"dealId":"aebe99cbe9b33eea650ad6365ffe3194","thumbnailURL":"http://dzh2xn6ml8v5t.cloudfront.net/thumb/store/25.jpg","brandAndCategory":"Snapdeal - All","dealTitle":"Family wellness Store Products Starts @ ? 50","dealExpiaryDate":"2016-06-30","dealLink":"http://www.s2d6.com/x/?xu003dcu0026zu003dsu0026vu003d6368638u0026ku003d[NETWORKID]u0026tu003dhttp%3A%2F%2Fwww.snapdeal.com%2Foffers%2Fhealth-nutrition-deals%3Futm_source%3Daff_prog%26utm_campaign%3Dafts%26offer_id%3D17%26aff_id%3D12865%26aff_sub%3D69685%26aff_sub2%3D%5BCLICK_ID%5D","userId":"","dealType":"Offer","dealCode":""},{"dealId":"b0e34f5e018b6efa0ebecbf32e3834e8","thumbnailURL":"http://dzh2xn6ml8v5t.cloudfront.net/thumb/store/25.jpg","brandAndCategory":"Snapdeal - All","dealTitle":"Summer Sale - Up To 30% Off On ACs, Coolers, Fans, Refrigerators u0026 More","dealExpiaryDate":"2016-06-30","dealLink":"http://www.s2d6.com/x/?xu003dcu0026zu003dsu0026vu003d6368638u0026ku003d[NETWORKID]u0026tu003dhttp%3A%2F%2Fwww.snapdeal.com%2Foffers%2Fappliances-summer-sale%3Futm_source%3Daff_prog%26utm_campaign%3Dafts%26offer_id%3D17%26aff_id%3D12865%26aff_sub%3D69685%26aff_sub2%3D%5BCLICK_ID%5D","userId":"","dealType":"Offer","dealCode":""},{"dealId":"b164dfffd77aa6dded6c6a3eccf23ab5","thumbnailURL":"http://dzh2xn6ml8v5t.cloudfront.net/thumb/store/25.jpg","brandAndCategory":"Snapdeal - Fashion and Accessories","dealTitle":"Upto 80% OFF on Clothing, Footwear u0026 Accessories","dealExpiaryDate":"2016-06-26","dealLink":"http://www.s2d6.com/x/?xu003dcu0026zu003dsu0026vu003d6368638u0026ku003d[NETWORKID]u0026tu003dhttp%3A%2F%2Fwww.snapdeal.com%2F%3Futm_source%3Daff_prog%26utm_campaign%3Dafts%26offer_id%3D17%26aff_id%3D12865%26aff_sub%3D69685%26aff_sub2%3D%5BCLICK_ID%5D","userId":"","dealType":"Offer","dealCode":""},{"dealId":"b2114eae9f2ca93f790962b7299e6c4a","thumbnailURL":"http://dzh2xn6ml8v5t.cloudfront.net/thumb/store/25.jpg","brandAndCategory":"Snapdeal - All","dealTitle":"Great Savings On ACs, Coolers, Fans u0026 More","dealExpiaryDate":"2016-06-19","dealLink":"http://www.s2d6.com/x/?xu003dcu0026zu003dsu0026vu003d6368638u0026ku003d[NETWORKID]u0026tu003dhttp%3A%2F%2Fwww.snapdeal.com%2Foffers%2Fappliances-summer-sale%3Futm_source%3Daff_prog%26utm_campaign%3Dafts%26offer_id%3D17%26aff_id%3D12865%26aff_sub%3D69685%26aff_sub2%3D%5BCLICK_ID%5D","userId":"","dealType":"Offer","dealCode":""},{"dealId":"b226578d786d3812c6b9666379d1793e","thumbnailURL":"http://dzh2xn6ml8v5t.cloudfront.net/thumb/store/25.jpg","brandAndCategory":"Snapdeal - All","dealTitle":"Hot Deal – Pack Of 4 Polo T-Shirts at Rs.699","dealExpiaryDate":"2016-06-30","dealLink":"http://www.s2d6.com/x/?xu003dcu0026zu003dsu0026vu003d6368638u0026ku003d[NETWORKID]u0026tu003dhttp%3A%2F%2Fwww.snapdeal.com%2Fbrand%2Fdewy%2Fmen-apparel-polo-tshirts%3Fsort%3Dplrty%26utm_source%3Daff_prog%26utm_campaign%3Dafts%26offer_id%3D17%26aff_id%3D12865%26aff_sub%3D69685%26aff_sub2%3D%5BCLICK_ID%5D","userId":"","dealType":"Offer","dealCode":""},{"dealId":"b8d5ecf3268f4ce5cd42fd97cb9d9d10","thumbnailURL":"http://dzh2xn6ml8v5t.cloudfront.net/thumb/store/25.jpg","brandAndCategory":"Snapdeal - All","dealTitle":"Super Daily Needs Store: Up To 50% OFF","dealExpiaryDate":"2016-06-19","dealLink":"http://www.s2d6.com/x/?xu003dcu0026zu003dsu0026vu003d6368638u0026ku003d[NETWORKID]u0026tu003dhttp%3A%2F%2Fwww.snapdeal.com%2Foffers%2Ffmcg-daily-need-store%3Futm_source%3Daff_prog%26utm_campaign%3Dafts%26offer_id%3D17%26aff_id%3D12865%26aff_sub%3D69685%26aff_sub2%3D%5BCLICK_ID%5D","userId":"","dealType":"Offer","dealCode":""},{"dealId":"befeaeaa29ca4da633db0adac591da4e","thumbnailURL":"http://dzh2xn6ml8v5t.cloudfront.net/thumb/store/25.jpg","brandAndCategory":"Snapdeal - All","dealTitle":"Get Branded Smartphones Above Rs.15000","dealExpiaryDate":"2016-06-19","dealLink":"http://www.s2d6.com/x/?xu003dcu0026zu003dsu0026vu003d6368638u0026ku003d[NETWORKID]u0026tu003dhttp%3A%2F%2Fwww.snapdeal.com%2Fproducts%2Fmobiles-mobile-phones%3Fq%3DPrice%253A15000%252C99999%257C%26sort%3Dplrty%26utm_source%3Daff_prog%26utm_campaign%3Dafts%26offer_id%3D17%26aff_id%3D12865%26aff_sub%3D69685%26aff_sub2%3D%5BCLICK_ID%5D","userId":"","dealType":"Offer","dealCode":""},{"dealId":"c0d7cb1b79a28bc8c7e6010e2a5570ff","thumbnailURL":"http://dzh2xn6ml8v5t.cloudfront.net/thumb/store/25.jpg","brandAndCategory":"Snapdeal - All","dealTitle":"Upto 80% + Extra 5% OFF On Electronic Deals","dealExpiaryDate":"2016-06-19","dealLink":"http://www.s2d6.com/x/?xu003dcu0026zu003dsu0026vu003d6368638u0026ku003d[NETWORKID]u0026tu003dhttp%3A%2F%2Fwww.snapdeal.com%2Foffers%2Fdeal-of-the-day%3Futm_source%3Daff_prog%26utm_campaign%3Dafts%26offer_id%3D17%26aff_id%3D12865%26aff_sub%3D69685%26aff_sub2%3D%5BCLICK_ID%5D","userId":"","dealType":"Offer","dealCode":""},{"dealId":"c2d31905c08d1dd34eaf886bbc34a48f","thumbnailURL":"http://dzh2xn6ml8v5t.cloudfront.net/thumb/store/25.jpg","brandAndCategory":"Snapdeal - Fashion and Accessories","dealTitle":"Ramzan Offer: Up to 73% OFF On Sarees u0026 Home","dealExpiaryDate":"2016-06-26","dealLink":"http://www.s2d6.com/x/?xu003dcu0026zu003dsu0026vu003d6368638u0026ku003d[NETWORKID]u0026tu003dhttp%3A%2F%2Fwww.snapdeal.com%2Fsearch%3Fkeyword%3Dramzan%26santizedKeyword%3Dramzan%26catId%3D%26categoryId%3D0%26suggested%3Dfalse%26vertical%3D%26noOfResults%3D48%26clickSrc%3Dgo_header%26lastKeyword%3Dramzan%26prodCatId%3D%26changeBackToAll%3Dfalse%26foundInAll%3Dfalse%26categoryIdSearched%3D%26cityPageUrl%3D%26url%3D%26utmContent%3D%26dealDetail%3D%26spellCheckEnabled%3Dfalse%26MID%3DSpell_Check_Used%26sort%3Ddhtl%23bcrumbSearch%3Aramzan%26utm_source%3Daff_prog%26utm_campaign%3Dafts%26offer_id%3D17%26aff_id%3D12865%26aff_sub%3D69685%26aff_sub2%3D%5BCLICK_ID%5D","userId":"","dealType":"Offer","dealCode":""},{"dealId":"c326b2dd070b77676176b237a7246565","thumbnailURL":"http://dzh2xn6ml8v5t.cloudfront.net/thumb/store/25.jpg","brandAndCategory":"Snapdeal - All","dealTitle":"Beats On A Budget - Get Audio Accessories Below Rs.499","dealExpiaryDate":"2016-06-19","dealLink":"http://www.s2d6.com/x/?xu003dcu0026zu003dsu0026vu003d6368638u0026ku003d[NETWORKID]u0026tu003dhttp%3A%2F%2Fwww.snapdeal.com%2Fproducts%2Felectronics-audio-video-accessories%3Fbr_campaign%3DNL_20160527_92373%26sort%3Dplrty%26q%3DsdFullfilled%253ASnapdeal%257CPrice%253A78%252C499%257C%26utm_source%3Daff_prog%26utm_source%3Daff_prog%26utm_campaign%3Dafts%26offer_id%3D17%26aff_id%3D12865%26aff_sub%3D69685%26aff_sub2%3D%5BCLICK_ID%5D","userId":"","dealType":"Offer","dealCode":""},{"dealId":"c59e5b4eba4d70c0c5ff42d5ef3c0a52","thumbnailURL":"http://dzh2xn6ml8v5t.cloudfront.net/thumb/store/25.jpg","brandAndCategory":"Snapdeal - Fashion and Accessories","dealTitle":"Beats On A Budget - Get Bluetooth Speakers By JBL Below Rs.2499","dealExpiaryDate":"2016-06-26","dealLink":"http://www.s2d6.com/x/?xu003dcu0026zu003dsu0026vu003d6368638u0026ku003d[NETWORKID]u0026tu003dhttp%3A%2F%2Fwww.snapdeal.com%2Fproducts%2Felectronics-speakers%3Fbr_campaign%3DNL_20160527_92373%26sort%3Dplrty%26q%3DBrand%253AJBL%257CPrice%253A1879%252C2499%257C%26aff_id%3D3122%26utm_source%3Daff_prog%26utm_campaign%3Dafts%26offer_id%3D17%26aff_id%3D12865%26aff_sub%3D69685%26aff_sub2%3D%5BCLICK_ID%5D","userId":"","dealType":"Offer","dealCode":""},{"dealId":"c8227623f0ea11adf687aaf835d0afc5","thumbnailURL":"http://dzh2xn6ml8v5t.cloudfront.net/thumb/store/25.jpg","brandAndCategory":"Snapdeal - All","dealTitle":"Grooming Products Starting At Rs.289 Only","dealExpiaryDate":"2016-06-26","dealLink":"http://www.s2d6.com/x/?xu003dcu0026zu003dsu0026vu003d6368638u0026ku003d[NETWORKID]u0026tu003dhttp%3A%2F%2Fwww.snapdeal.com%2Fproducts%2Fappliances-personal-care-appliances%3Fq%3DOccasion_s%253ADealBank%257C%26sort%3Dplrty%26utm_source%3Daff_prog%26utm_campaign%3Dafts%26offer_id%3D17%26aff_id%3D12865%26aff_sub%3D69685%26aff_sub2%3D%5BCLICK_ID%5D","userId":"","dealType":"Offer","dealCode":""},{"dealId":"c8cf3eac165ecc8bf18c53eb47b353dc","thumbnailURL":"http://dzh2xn6ml8v5t.cloudfront.net/thumb/store/25.jpg","brandAndCategory":"Snapdeal - Fashion and Accessories","dealTitle":"Upto 57% OFF on 2 in 1 Laptops","dealExpiaryDate":"2016-06-26","dealLink":"http://www.s2d6.com/x/?xu003dcu0026zu003dsu0026vu003d6368638u0026ku003d[NETWORKID]u0026tu003dhttp%3A%2F%2Fwww.snapdeal.com%2F%3Futm_source%3Daff_prog%26utm_campaign%3Dafts%26offer_id%3D17%26aff_id%3D12865%26aff_sub%3D69685%26aff_sub2%3D%5BCLICK_ID%5D","userId":"","dealType":"Offer","dealCode":""},{"dealId":"ccae1186ba76261210016cf0e14a3456","thumbnailURL":"http://dzh2xn6ml8v5t.cloudfront.net/thumb/store/25.jpg","brandAndCategory":"Snapdeal - All","dealTitle":"Deal Of The Day – Upto 80% Off Exciting Offers For Today","dealExpiaryDate":"2016-06-30","dealLink":"http://www.s2d6.com/x/?xu003dcu0026zu003dsu0026vu003d6368638u0026ku003d[NETWORKID]u0026tu003dhttp%3A%2F%2Fwww.snapdeal.com%2Foffers%2Fdeal-of-the-day%3Futm_source%3Daff_prog%26utm_campaign%3Dafts%26offer_id%3D17%26aff_id%3D12865%26aff_sub%3D69685%26aff_sub2%3D%5BCLICK_ID%5D","userId":"","dealType":"Offer","dealCode":""},{"dealId":"cce297563fa1c400738e2b321ecd619a","thumbnailURL":"http://dzh2xn6ml8v5t.cloudfront.net/thumb/store/25.jpg","brandAndCategory":"Snapdeal - Fashion and Accessories","dealTitle":"Beats On A Budget - Get Headphones u0026 Earphones By JBL Below Rs.999","dealExpiaryDate":"2016-06-26","dealLink":"http://www.s2d6.com/x/?xu003dcu0026zu003dsu0026vu003d6368638u0026ku003d[NETWORKID]u0026tu003dhttp%3A%2F%2Fwww.snapdeal.com%2Fproducts%2Felectronic-headphones-earphones%3Fbr_campaign%3DNL_20160527_92373%26sort%3Dplrty%26q%3DBrand%253AJBL%257CPrice%253A589%252C999%257CsdFullfilled%253ASnapdeal%257C%26aff_id%3D3122%26utm_source%3Daff_prog%26utm_campaign%3Dafts%26offer_id%3D17%26aff_id%3D12865%26aff_sub%3D69685%26aff_sub2%3D%5BCLICK_ID%5D","userId":"","dealType":"Offer","dealCode":""},{"dealId":"cdcb9f3902d1c85f6e09f0bd67492dcf","thumbnailURL":"http://dzh2xn6ml8v5t.cloudfront.net/thumb/store/25.jpg","brandAndCategory":"Snapdeal - Fashion and Accessories","dealTitle":"Up To 90% OFF On Camera u0026 Accessories","dealExpiaryDate":"2016-06-26","dealLink":"http://www.s2d6.com/x/?xu003dcu0026zu003dsu0026vu003d6368638u0026ku003d[NETWORKID]u0026tu003dhttp%3A%2F%2Fwww.snapdeal.com%2Fproducts%2Fcameras%3Futm_source%3Daff_prog%26utm_campaign%3Dafts%26offer_id%3D17%26aff_id%3D12865%26aff_sub%3D69685%26aff_sub2%3D%5BCLICK_ID%5D","userId":"","dealType":"Offer","dealCode":""},{"dealId":"ce0f089bedeb59af9165992b52d993b4","thumbnailURL":"http://dzh2xn6ml8v5t.cloudfront.net/thumb/store/25.jpg","brandAndCategory":"Snapdeal - Fashion and Accessories","dealTitle":"Beats On A Budget - Get Headphones u0026 Earphones By Skullcandy Below Rs.999","dealExpiaryDate":"2016-06-26","dealLink":"http://www.s2d6.com/x/?xu003dcu0026zu003dsu0026vu003d6368638u0026ku003d[NETWORKID]u0026tu003dhttp%3A%2F%2Fwww.snapdeal.com%2Fproducts%2Felectronic-headphones-earphones%3Fbr_campaign%3DNL_20160527_92373%26sort%3Dplrty%26q%3DBrand%253ASkullcandy%257CPrice%253A439%252C999%257C%26aff_id%3D3122%26utm_source%3Daff_prog%26utm_campaign%3Dafts%26offer_id%3D17%26aff_id%3D12865%26aff_sub%3D69685%26aff_sub2%3D%5BCLICK_ID%5D","userId":"","dealType":"Offer","dealCode":""},{"dealId":"d07a1ed97742caecb67226eb9c86af4f","thumbnailURL":"http://dzh2xn6ml8v5t.cloudfront.net/thumb/store/25.jpg","brandAndCategory":"Snapdeal - All","dealTitle":"Super Daily Needs Store: Up To 50% OFF","dealExpiaryDate":"2016-06-30","dealLink":"http://www.s2d6.com/x/?xu003dcu0026zu003dsu0026vu003d6368638u0026ku003d[NETWORKID]u0026tu003dhttp%3A%2F%2Fwww.snapdeal.com%2Foffers%2Ffmcg-daily-need-store%3Futm_source%3Daff_prog%26utm_campaign%3Dafts%26offer_id%3D17%26aff_id%3D12865%26aff_sub%3D69685%26aff_sub2%3D%5BCLICK_ID%5D","userId":"","dealType":"Offer","dealCode":""},{"dealId":"d23cc4794cfd2734756961afbad5f8fe","thumbnailURL":"http://dzh2xn6ml8v5t.cloudfront.net/thumb/store/25.jpg","brandAndCategory":"Snapdeal - All","dealTitle":"Sports, Fitness u0026 Lifestyle Products Starting At Rs.25","dealExpiaryDate":"2016-06-19","dealLink":"http://www.s2d6.com/x/?xu003dcu0026zu003dsu0026vu003d6368638u0026ku003d[NETWORKID]u0026tu003dhttp%3A%2F%2Fwww.snapdeal.com%2F%3Futm_source%3Daff_prog%26utm_campaign%3Dafts%26offer_id%3D17%26aff_id%3D12865%26aff_sub%3D69685%26aff_sub2%3D%5BCLICK_ID%5D","userId":"","dealType":"Offer","dealCode":""},{"dealId":"d2ee0f29f228f7ce8d352b5a8c07ceeb","thumbnailURL":"http://dzh2xn6ml8v5t.cloudfront.net/thumb/store/25.jpg","brandAndCategory":"Snapdeal - All","dealTitle":"Beats On A Budget - Get Branded Headsets With Mic Below Rs.999","dealExpiaryDate":"2016-06-19","dealLink":"http://www.s2d6.com/x/?xu003dcu0026zu003dsu0026vu003d6368638u0026ku003d[NETWORKID]u0026tu003dhttp%3A%2F%2Fwww.snapdeal.com%2Fproducts%2Fcomputers-headphones-mics%3Fbr_campaign%3DNL_20160527_92373%26q%3DPrice%253A148%252C999%257C%26sort%3Dplrty%26aff_id%3D3122%26utm_source%3Daff_prog%26utm_campaign%3Dafts%26offer_id%3D17%26aff_id%3D12865%26aff_sub%3D69685%26aff_sub2%3D%5BCLICK_ID%5D","userId":"","dealType":"Offer","dealCode":""},{"dealId":"d3f3ca077fe22cd379033859ab0b0c9e","thumbnailURL":"http://dzh2xn6ml8v5t.cloudfront.net/thumb/store/25.jpg","brandAndCategory":"Snapdeal - All","dealTitle":"Up To 65% OFF On Ethnic Wear","dealExpiaryDate":"2016-06-19","dealLink":"http://www.s2d6.com/x/?xu003dcu0026zu003dsu0026vu003d6368638u0026ku003d[NETWORKID]u0026tu003dhttp%3A%2F%2Fwww.snapdeal.com%2Fproducts%2Fwomen-apparel-kurtis%3Fq%3DBrand%253AShree%255EShakumbhari%255ELibas%257C%26sort%3Dplrty%26utm_source%3Daff_prog%26utm_campaign%3Dafts%26offer_id%3D17%26aff_id%3D12865%26aff_sub%3D69685%26aff_sub2%3D%5BCLICK_ID%5D","userId":"","dealType":"Offer","dealCode":""},{"dealId":"d4aada2a16abc5a44234898d44188449","thumbnailURL":"http://dzh2xn6ml8v5t.cloudfront.net/thumb/store/25.jpg","brandAndCategory":"Snapdeal - Fashion and Accessories","dealTitle":"Up To 50% OFF On External Hard Disks","dealExpiaryDate":"2016-06-26","dealLink":"http://www.s2d6.com/x/?xu003dcu0026zu003dsu0026vu003d6368638u0026ku003d[NETWORKID]u0026tu003dhttp%3A%2F%2Fwww.snapdeal.com%2Fproducts%2Fcomputers-external-hard-drives%3Fq%3DOccasion_s%253ABackupslim%257C%26sort%3Ddhtl%26utm_source%3Daff_prog%26utm_campaign%3Dafts%26offer_id%3D17%26aff_id%3D12865%26aff_sub%3D69685%26aff_sub2%3D%5BCLICK_ID%5D","userId":"","dealType":"Offer","dealCode":""},{"dealId":"d4b70ee878db29a55c34657c74c77bae","thumbnailURL":"http://dzh2xn6ml8v5t.cloudfront.net/thumb/store/25.jpg","brandAndCategory":"Snapdeal - All","dealTitle":"Mega Audio Sale - Up To 50% Off On Headphone, Speakers u0026 More","dealExpiaryDate":"2016-06-19","dealLink":"http://www.s2d6.com/x/?xu003dcu0026zu003dsu0026vu003d6368638u0026ku003d[NETWORKID]u0026tu003dhttp%3A%2F%2Fwww.snapdeal.com%2Foffers%2Faudio-offers%3Futm_source%3Daff_prog%26utm_campaign%3Dafts%26offer_id%3D17%26aff_id%3D12865%26aff_sub%3D69685%26aff_sub2%3D%5BCLICK_ID%5D","userId":"","dealType":"Offer","dealCode":""},{"dealId":"d5859f05474838cb93ac61a8d1645495","thumbnailURL":"http://dzh2xn6ml8v5t.cloudfront.net/thumb/store/25.jpg","brandAndCategory":"Snapdeal - Fashion and Accessories","dealTitle":"Electronics Male: Upto 70% OFF on Electronics","dealExpiaryDate":"2016-06-26","dealLink":"http://www.s2d6.com/x/?xu003dcu0026zu003dsu0026vu003d6368638u0026ku003d[NETWORKID]u0026tu003dhttp%3A%2F%2Fwww.snapdeal.com%2Fsearch%3Fkeyword%3Delectronic%26santizedKeyword%3D%26catId%3D%26categoryId%3D0%26suggested%3Dfalse%26vertical%3D%26noOfResults%3D48%26clickSrc%3Dgo_header%26lastKeyword%3D%26prodCatId%3D%26changeBackToAll%3Dfalse%26foundInAll%3Dfalse%26categoryIdSearched%3D%26cityPageUrl%3D%26categoryUrl%3D%26url%3D%26utmContent%3D%26dealDetail%3D%26sort%3Drlvncy%26utm_source%3Daff_prog%26utm_campaign%3Dafts%26offer_id%3D17%26aff_id%3D12865%26aff_sub%3D69685%26aff_sub2%3D%5BCLICK_ID%5D","userId":"","dealType":"Offer","dealCode":""},{"dealId":"dee1bcf912f35f8e8001f4e63ac6add0","thumbnailURL":"http://dzh2xn6ml8v5t.cloudfront.net/thumb/store/25.jpg","brandAndCategory":"Snapdeal - All","dealTitle":"Men Clothing – Upto 70% Off u0026 More Offers On All Top Brands","dealExpiaryDate":"2016-06-26","dealLink":"http://www.s2d6.com/x/?xu003dcu0026zu003dsu0026vu003d6368638u0026ku003d[NETWORKID]u0026tu003dhttp%3A%2F%2Fwww.snapdeal.com%2Fproducts%2Fmen-apparel%3Futm_source%3Daff_prog%26utm_campaign%3Dafts%26offer_id%3D17%26aff_id%3D12865%26aff_sub%3D69685%26aff_sub2%3D%5BCLICK_ID%5D","userId":"","dealType":"Offer","dealCode":""},{"dealId":"e5d918ffe38d8ce349984d05962ec3b3","thumbnailURL":"http://dzh2xn6ml8v5t.cloudfront.net/thumb/store/25.jpg","brandAndCategory":"Snapdeal - All","dealTitle":"Women Footwear – Minimum 30% Off u0026 More Offers On Top Brands","dealExpiaryDate":"2016-06-26","dealLink":"http://www.s2d6.com/x/?xu003dcu0026zu003dsu0026vu003d6368638u0026ku003d[NETWORKID]u0026tu003dhttp%3A%2F%2Fwww.snapdeal.com%2Fproducts%2Fwomens-footwear%3Futm_source%3Daff_prog%26utm_campaign%3Dafts%26offer_id%3D17%26aff_id%3D12865%26aff_sub%3D69685%26aff_sub2%3D%5BCLICK_ID%5D","userId":"","dealType":"Offer","dealCode":""},{"dealId":"ed53a2a842dbdb72701bf75e4cffc468","thumbnailURL":"http://dzh2xn6ml8v5t.cloudfront.net/thumb/store/25.jpg","brandAndCategory":"Snapdeal - All","dealTitle":"Snapdeal Summer Sale: Upto 90% OFF On Fashion, Electronics u0026 more","dealExpiaryDate":"2016-06-19","dealLink":"http://www.s2d6.com/x/?xu003dcu0026zu003dsu0026vu003d6368638u0026ku003d[NETWORKID]u0026tu003dhttp%3A%2F%2Fwww.snapdeal.com%2Foffers%2Fsnapdeal-summer-sale%3Futm_source%3Daff_prog%26utm_campaign%3Dafts%26offer_id%3D17%26aff_id%3D12865%26aff_sub%3D69685%26aff_sub2%3D%5BCLICK_ID%5D","userId":"","dealType":"Offer","dealCode":""},{"dealId":"ed90ebf6cbd3abea6bf009f1c4d1ea2f","thumbnailURL":"http://dzh2xn6ml8v5t.cloudfront.net/thumb/store/25.jpg","brandAndCategory":"Snapdeal - All","dealTitle":"Back 2 School Offer: Starts @ Rs. 70","dealExpiaryDate":"2016-06-19","dealLink":"http://www.s2d6.com/x/?xu003dcu0026zu003dsu0026vu003d6368638u0026ku003d[NETWORKID]u0026tu003dhttp%3A%2F%2Fwww.snapdeal.com%2Foffers%2Fback-to-school%3Futm_source%3Daff_prog%26utm_campaign%3Dafts%26offer_id%3D17%26aff_id%3D12865%26aff_sub%3D69685%26aff_sub2%3D%5BCLICK_ID%5D","userId":"","dealType":"Offer","dealCode":""},{"dealId":"ee93175a971591efcf511036d35e1372","thumbnailURL":"http://dzh2xn6ml8v5t.cloudfront.net/thumb/store/25.jpg","brandAndCategory":"Snapdeal - All","dealTitle":"Top Selling: Up To 80% OFF On Mobiles, Electronics","dealExpiaryDate":"2016-06-19","dealLink":"http://www.s2d6.com/x/?xu003dcu0026zu003dsu0026vu003d6368638u0026ku003d[NETWORKID]u0026tu003dhttp%3A%2F%2Fwww.snapdeal.com%2Foffers%2Fmobiles-electronics-sale%3Futm_source%3Daff_prog%26utm_campaign%3Dafts%26offer_id%3D17%26aff_id%3D12865%26aff_sub%3D69685%26aff_sub2%3D%5BCLICK_ID%5D","userId":"","dealType":"Offer","dealCode":""},{"dealId":"ef0782a99334ff71c33f6cf838b9dc65","thumbnailURL":"http://dzh2xn6ml8v5t.cloudfront.net/thumb/store/25.jpg","brandAndCategory":"Snapdeal - All","dealTitle":"Monsoon Store – Upto 60% Off On Umbrellas, Raincoats, Jackets u0026 Many More","dealExpiaryDate":"2016-06-30","dealLink":"http://www.s2d6.com/x/?xu003dcu0026zu003dsu0026vu003d6368638u0026ku003d[NETWORKID]u0026tu003dhttp%3A%2F%2Fwww.snapdeal.com%2Foffers%2Fmonsoon-sale%3Futm_source%3Daff_prog%26utm_campaign%3Dafts%26offer_id%3D17%26aff_id%3D12865%26aff_sub%3D69685%26aff_sub2%3D%5BCLICK_ID%5D","userId":"","dealType":"Offer","dealCode":""},{"dealId":"f3875129ee91058472ec1326377d1ee2","thumbnailURL":"http://dzh2xn6ml8v5t.cloudfront.net/thumb/store/25.jpg","brandAndCategory":"Snapdeal - All","dealTitle":"Family wellness Store Products Starts @ ? 50","dealExpiaryDate":"2016-06-19","dealLink":"http://www.s2d6.com/x/?xu003dcu0026zu003dsu0026vu003d6368638u0026ku003d[NETWORKID]u0026tu003dhttp%3A%2F%2Fwww.snapdeal.com%2Foffers%2Fhealth-nutrition-deals%3Futm_source%3Daff_prog%26utm_campaign%3Dafts%26offer_id%3D17%26aff_id%3D12865%26aff_sub%3D69685%26aff_sub2%3D%5BCLICK_ID%5D","userId":"","dealType":"Offer","dealCode":""},{"dealId":"f426dae9efacd066c37e705ebb02db0a","thumbnailURL":"http://dzh2xn6ml8v5t.cloudfront.net/thumb/store/25.jpg","brandAndCategory":"Snapdeal - All","dealTitle":"Super Daily Needs Store - Up To 50% Off Plus Free Shipping Above Rs.199","dealExpiaryDate":"2016-06-30","dealLink":"http://www.s2d6.com/x/?xu003dcu0026zu003dsu0026vu003d6368638u0026ku003d[NETWORKID]u0026tu003dhttp%3A%2F%2Fwww.snapdeal.com%2Foffers%2Ffmcg-daily-need-store%3Futm_source%3Daff_prog%26utm_campaign%3Dafts%26offer_id%3D17%26aff_id%3D12865%26aff_sub%3D69685%26aff_sub2%3D%5BCLICK_ID%5D","userId":"","dealType":"Offer","dealCode":""},{"dealId":"f47ebc1b96a0879105c300b862ff4cbd","thumbnailURL":"http://dzh2xn6ml8v5t.cloudfront.net/thumb/store/25.jpg","brandAndCategory":"Snapdeal - Fashion and Accessories","dealTitle":"Computer Speakers - Get 2.0 Speakers Below Rs.299","dealExpiaryDate":"2016-06-26","dealLink":"http://www.s2d6.com/x/?xu003dcu0026zu003dsu0026vu003d6368638u0026ku003d[NETWORKID]u0026tu003dhttp%3A%2F%2Fwww.snapdeal.com%2Fproducts%2Fcomputers-2-0-speakers%3Fbr_campaign%3DNL_20160527_92373%26sort%3Dplrty%26q%3DPrice%253A173%252C299%257C%26aff_id%3D3122%26utm_source%3Daff_prog%26utm_campaign%3Dafts%26offer_id%3D17%26aff_id%3D12865%26aff_sub%3D69685%26aff_sub2%3D%5BCLICK_ID%5D","userId":"","dealType":"Offer","dealCode":""},{"dealId":"f5afbb268f2d323d9e0c8464695b59d2","thumbnailURL":"http://dzh2xn6ml8v5t.cloudfront.net/thumb/store/25.jpg","brandAndCategory":"Snapdeal - All","dealTitle":"Back 2 School Offer: Starts @ Rs. 70","dealExpiaryDate":"2016-06-30","dealLink":"http://www.s2d6.com/x/?xu003dcu0026zu003dsu0026vu003d6368638u0026ku003d[NETWORKID]u0026tu003dhttp%3A%2F%2Fwww.snapdeal.com%2Foffers%2Fback-to-school%3Futm_source%3Daff_prog%26utm_campaign%3Dafts%26offer_id%3D17%26aff_id%3D12865%26aff_sub%3D69685%26aff_sub2%3D%5BCLICK_ID%5D","userId":"","dealType":"Offer","dealCode":""},{"dealId":"f5d7601e84e35b054709def1f612e60a","thumbnailURL":"http://dzh2xn6ml8v5t.cloudfront.net/thumb/store/25.jpg","brandAndCategory":"Snapdeal - All","dealTitle":"Micromax Canvas xp 4G @ ? 7,500","dealExpiaryDate":"2016-06-30","dealLink":"http://www.s2d6.com/x/?xu003dcu0026zu003dsu0026vu003d6368638u0026ku003d[NETWORKID]u0026tu003dhttp%3A%2F%2Fwww.snapdeal.com%2Fproduct%2Fmicromax-q413-plus-16gb-moondust%2F623435230894%3Futm_source%3Daff_prog%26utm_campaign%3Dafts%26offer_id%3D17%26aff_id%3D12865%26aff_sub%3D69685%26aff_sub2%3D%5BCLICK_ID%5D","userId":"","dealType":"Offer","dealCode":""}]},{"brand":[{"storeId":"25","storeName":"Snapdeal","thumbnailURL":"http://dzh2xn6ml8v5t.cloudfront.net/thumb/store/25.jpg","dealCount":"96"},{"storeId":"25","storeName":"Snapdeal","thumbnailURL":"http://dzh2xn6ml8v5t.cloudfront.net/thumb/store/25.jpg","dealCount":"96"},{"storeId":"25","storeName":"Snapdeal","thumbnailURL":"http://dzh2xn6ml8v5t.cloudfront.net/thumb/store/25.jpg","dealCount":"96"},{"storeId":"25","storeName":"Snapdeal","thumbnailURL":"http://dzh2xn6ml8v5t.cloudfront.net/thumb/store/25.jpg","dealCount":"96"},{"storeId":"25","storeName":"Snapdeal","thumbnailURL":"http://dzh2xn6ml8v5t.cloudfront.net/thumb/store/25.jpg","dealCount":"96"},{"storeId":"25","storeName":"Snapdeal","thumbnailURL":"http://dzh2xn6ml8v5t.cloudfront.net/thumb/store/25.jpg","dealCount":"96"}]}]}